,Mu33,Mu22,Pu,L,Cb,Delta,L1tb,h,b,tf,tw
1,2785.82,2008.375,-302557.178,4,1.55,0.006,1,36.3728,37.0967,2.1844,1.3335
2,-1.205,5737.699,-356258.447,4,2.208,0.0058,1,35.6108,36.8808,1.8034,1.1176
3,2475.836,4971.965,-257323.198,3.5,1.855,0.0042,1,35.6108,36.8808,1.8034,1.1176
4,15.981,5338.118,-359310.625,3.5,2.075,0.004,1,31.4452,30.6832,1.8669,1.1938
5,1471.607,2440.948,-208634.61,3.5,1.907,0.0037,1,31.115,30.5816,1.7018,1.0922
6,12.455,2916.027,-246283.297,3.5,1.704,0.0034,1,25.9588,25.6032,1.7272,1.0668
7,591.464,1241.306,-155636.176,3.5,1.844,0.003,1,25.3492,25.4,1.4224,0.8636
8,4.9,1354.358,-182254.646,3.5,1.875,0.0028,1,25.654,20.3708,1.5748,0.889
9,287.311,470.565,-103885.401,3.5,1.74,0.0021,1,24.7142,20.2184,1.1049,0.7366
10,1.792,836.644,-120060.413,3.5,1.764,0.0024,1,20.32,20.3073,1.1049,0.7239
11,14.967,153.298,-53150.892,3.5,1.99,0.0012,1,13.081,12.7762,1.0922,0.6858
12,-0.063,220.252,-58425.704,3.5,2.077,0.0011,1,15.2146,15.2146,0.6604,0.5842
13,-6121.1,0,0,10,2.25,0,1,15.748,15.2908,0.9271,0.6604
14,-6124.376,0,0,10,2.251,0,1,15.748,15.2908,0.9271,0.6604
15,-303.519,522.255,-15481.128,4,2.474,0.0042,1,15.2146,15.2146,0.6604,0.5842
16,-1716.766,2192.294,-30667.876,4,2.667,0.0084,1,20.1422,16.4973,1.016,0.6223
17,-1767.639,-0.004,18.996,5,2.067,0,1,14.986,10.0076,0.5461,0.4318
18,-29123.159,-0.388,-1444.207,8,1.375,0,1,35.3568,20.4724,1.6764,0.9398
19,-33760.961,-0.5,-1249.689,8,1.46,0,1,30.6324,25.3873,1.4605,0.8763
20,-1643.573,-0.004,17.339,5,1.903,0,1,14.986,10.0076,0.5461,0.4318
21,-2383.345,7022.191,-30776.581,4,2.475,0.0121,1,41.3004,17.9578,1.6002,0.9652
22,-1743.872,11567.454,-35137.927,4,1.78,0.0119,1,46.9138,19.3929,2.0574,1.2573
23,-1638.246,-0.005,20.897,5,1.896,0,1,14.986,10.0076,0.5461,0.4318
24,-37760.906,0.694,-1416.849,8,1.441,0,1,30.6324,25.3873,1.4605,0.8763
25,7918.52,1818.035,-35525.635,4,2.371,0.0124,1,20.32,20.3073,1.1049,0.7239
26,-26684.014,0.073,-393.192,5,2.007,0,1,35.5092,17.1323,1.1557,0.7239
27,3993.785,38636.521,-45989.552,4,2.298,0.0105,1,35.9664,36.9951,1.9812,1.2319
28,-5412.579,0.007,23.341,5,2.921,0,1,25.3746,10.16,0.6858,0.5842
29,-41038.78,0.746,-1618.273,8,1.376,0,1,30.9626,25.4254,1.6256,0.9144
30,15445.032,3625.439,-42415.806,4,2.308,0.0131,1,30.6324,20.4343,1.4605,0.8509
31,-28138.361,0.078,-405.014,5,1.89,0,1,40.2844,17.7419,1.0922,0.7493
32,-36741.211,0.104,-585.918,5,1.79,0,1,40.6654,17.7673,1.2827,0.7747
33,25252.458,7044.347,-55524.719,4,2.234,0.0141,1,35.2806,25.3873,1.6383,0.9525
34,63200.211,0.135,-1636.785,8,1,0,0,41.4782,25.9969,1.6891,1.0033
35,-26860.154,-110810.711,-71146.353,4,2.147,0.026,1,49.784,43.2054,8.89,5.5626
36,-22377.052,-0.023,91.562,5,2.27,0,1,40.3352,14.0335,1.1176,0.6985
37,-60155.656,-0.239,-1365.438,8,1.212,0,1,46.2534,28.0289,1.7272,1.0795
38,-28012.348,-0.119,-197.257,8,2.205,0,1,30.3276,20.3327,1.3081,0.7493
39,-52109.077,0.007,-602.303,5,1.91,0,1,45.6946,19.0373,1.4478,0.9017
40,-20615.636,-109546.443,-70124.843,4,2.167,0.026,1,49.784,43.2054,8.89,5.5626
41,394019.26,-54206.766,-116459.356,4,1.529,0.0253,1,54.9656,44.831,11.4808,7.1882
42,-71736.979,-0.251,-1060.104,5,2.323,0,1,60.2996,17.8816,1.4986,1.0922
43,-84548.644,0.425,-2129.008,8,1.367,0,1,46.7106,28.1686,1.9558,1.2192
44,-51706.619,-3.925,613.812,8,2.155,0,1,35.2806,25.3873,1.6383,0.9525
45,-92515.877,-0.059,-1788.133,5,2.228,0,1,60.7568,22.8346,1.7272,1.1176
46,-365316.709,61900.796,-135097.089,4,1.8,0.0253,1,54.9656,44.831,11.4808,7.1882
47,-137979.351,0.152,-3159.545,5,2.497,0,1,75.0062,26.416,1.5494,1.1938
48,-87297.258,-3.697,1465.018,8,2.116,0,1,54.4322,21.2217,2.1209,1.3081
49,-109806.577,0.695,-2261.776,8,1.508,0,1,54.2544,31.2166,2.032,1.27
50,-50694.738,0.143,-1636.581,8,1.235,0,1,41.4782,25.9969,1.6891,1.0033
51,-5935.864,-0.015,42.687,5,2.558,0,1,15.9512,10.2362,1.0287,0.6604
52,-8674.201,-0.034,47.87,5,2.44,0,1,20.6756,13.335,0.8382,0.5842
53,69811.765,-0.41,-1365.438,8,1,0,0,46.2534,28.0289,1.7272,1.0795
54,-19732.305,-0.107,-198.094,8,2.301,0,1,24.7142,20.2184,1.1049,0.7366
55,-45374.782,0.01,-602.303,5,1.75,0,1,45.6946,19.0373,1.4478,0.9017
56,-52109.077,0.007,-602.303,5,1.91,0,1,45.6946,19.0373,1.4478,0.9017
57,-28012.348,-0.119,-197.257,8,2.205,0,1,30.3276,20.3327,1.3081,0.7493
58,-60155.656,-0.239,-1365.438,8,1.212,0,1,46.2534,28.0289,1.7272,1.0795
59,-15693.066,-0.059,70.383,5,2.335,0,1,26.2382,14.6558,1.1176,0.6604
60,123494.517,-1.114,3526.653,5,1,0,0,67.8434,25.2984,1.6256,1.1684
61,176696.94,-1.994,6018.561,5,1,0,0,75.7682,26.6065,1.9304,1.3843
62,-138228.844,1.439,-2536.994,8,1.672,0,1,61.1124,32.385,1.905,1.27
63,-121133.435,-6.369,2208.064,8,2.123,0,1,75.0062,26.416,1.5494,1.1938
64,-185938.354,0.531,-5442.047,5,2.703,0,1,76.2254,26.6573,2.159,1.4351
65,-376325.243,57973.123,-251844.504,4,1.74,0.0266,1,101.1936,44.196,8.2042,4.5466
66,-83975.903,-0.068,-1478.242,5,2.17,0,1,60.2742,22.7711,1.4859,1.0541
67,-44183.305,-3.765,477.782,8,2.177,0,1,30.9626,25.4254,1.6256,0.9144
68,-78790.734,0.313,-2019.066,8,1.298,0,1,46.7106,28.1686,1.9558,1.2192
69,-62233.196,-0.226,-797.435,5,2.348,0,1,59.8678,17.7927,1.2827,1.0033
70,422108.47,-49873.896,-239297.688,4,1.486,0.0266,1,101.1936,44.196,8.2042,4.5466
71,69845.545,-21976.859,-129763.152,4,1.511,0.026,1,62.1792,32.6517,2.4384,1.5367
72,-18525.986,-0.211,-119.188,5,2.429,0,1,31.0388,16.4846,0.9652,0.5842
73,-56401.878,0.097,-1599.3,8,1.212,0,1,46.2534,28.0289,1.7272,1.0795
74,-21582.608,-0.93,39.966,8,2.264,0,1,25.1968,20.2819,1.3462,0.8001
75,-51244.697,-0.031,-714.943,5,1.692,0,1,59.8678,17.7927,1.2827,1.0033
76,-252829.142,37009.684,-187345.642,4,1.788,0.0263,1,99.9998,45.085,3.5941,1.905
77,-41326.421,-0.284,741.462,5,1.197,0,1,60.2996,17.8816,1.4986,1.0922
78,-32537.402,-1.421,222.945,8,2.196,0,1,30.6324,20.4343,1.4605,0.8509
79,-59529.398,-0.401,-909.338,8,1.175,0,1,67.8434,25.2984,1.6256,1.1684
80,-38720.597,-0.196,-340.78,5,2.471,0,1,45.466,15.2781,1.3335,0.8001
81,292253.592,-22622.602,-177104.178,4,1.433,0.0266,1,99.9998,45.085,3.5941,1.905
82,357938.961,-35549.669,-238265.151,4,1.465,0.0265,1,93.4974,41.7957,6.9088,3.8608
83,-51086.647,-0.131,-1118.492,5,2.393,0,1,52.9082,16.5862,1.3589,0.9652
84,-72540.269,-1.886,-677.092,8,1.22,0,1,46.7106,28.1686,1.9558,1.2192
85,36431.291,107687.65,-323603.395,4,1.296,0.0275,1,101.1936,44.196,8.2042,4.5466
86,70680.864,-11392.532,-126519.592,4,1.398,0.0218,1,76.2254,26.6573,2.159,1.4351
87,7517.139,-36357.856,-121300.331,4,1.414,0.0207,1,36.3728,37.0967,2.1844,1.3335
88,7274.279,-44003.999,-183755.407,4,1.186,0.0241,1,37.2364,37.4015,2.6162,1.6383
89,59371.558,-25615.945,-187880.832,4,1.752,0.0232,1,37.5412,39.37,2.7686,1.7272
90,74806.54,-29169.972,-252216.066,4,1.275,0.0261,1,77.3176,38.0619,2.7051,1.6637
91,7976.536,-54328.753,-246586.481,4,1.08,0.0255,1,38.6588,39.751,3.3274,2.1082
92,74806.54,-29169.972,-252216.066,4,1.275,0.0261,1,77.3176,38.0619,2.7051,1.6637
93,48557.279,52919.165,-316740.238,4,1.186,0.0264,1,99.2124,44.9834,3.2004,1.8034
94,21891.613,63836.278,-311235.919,4,1.212,0.0264,1,99.2124,44.9834,3.2004,1.8034
95,26392.971,72254.68,-373991.401,4,1.277,0.0308,1,101.6,45.4914,4.3942,2.3114
96,52598.881,61283.49,-379494.991,4,1.157,0.0309,1,101.6,45.4914,4.3942,2.3114
97,145345.614,-41350.532,-142822.132,4,1.327,0.0221,1,98.2218,40.005,2.7051,1.651
98,154694.007,-2.715,-218.422,8,1,0,0,75.311,26.543,1.7018,1.3208
99,-41556.331,-0.458,-251.001,5,2.166,0,1,40.9702,17.8689,1.4351,0.8763
100,-58600.058,-0.843,-387.928,5,2.036,0,1,46.3296,19.1897,1.7653,1.0541
101,205648.559,-5.837,730.849,8,1,0,0,83.4644,29.1592,1.8796,1.397
102,185944.112,-62480.236,-188839.326,4,1.334,0.0255,1,92.1004,42.037,3.6576,2.1336
103,231560.474,-83920.752,-235176.202,4,1.317,0.0258,1,97.1804,43.0911,6.1976,3.4544
104,-74366.442,-1.153,-451.447,5,1.905,0,1,53.3146,20.9296,1.5621,1.016
105,255656.12,-9.057,1763.575,8,1,0,0,90.297,30.353,2.0066,1.524
106,169328.62,-2.778,-66.853,8,1,0,0,75.7682,26.6065,1.9304,1.3843
107,191274.965,-135803.036,-273984.986,4,1.481,0.0241,1,53.1368,44.2341,10.5664,6.5913
108,150856.37,-1.778,3855.222,5,1,0,0,75.311,26.543,1.7018,1.3208
109,172833.955,-2.259,4706.262,5,1,0,0,75.7682,26.6065,1.9304,1.3843
110,228969.586,-152339.178,-318257.27,4,1.465,0.0266,1,53.1368,44.2341,10.5664,6.5913
111,-8247.955,0.456,-18.042,10,2.301,0,1,20.1422,16.4973,1.016,0.6223
112,-18430.63,-0.742,-681.404,12.166,2.292,0,1,25.1968,20.2819,1.3462,0.8001
113,-15282.738,-1.449,-590.503,6.325,1.735,0,1,31.3436,16.5608,1.1176,0.6604
114,-6186.81,0.149,76.349,4,1.631,0,1,30.8864,10.1727,0.889,0.5969
115,-269.083,-47.236,-16680.281,3.5,2.073,0.0043,1,14.986,10.0076,0.5461,0.4318
116,-453.477,154.695,-22582.71,3.5,2.474,0.0048,1,14.986,10.0076,0.5461,0.4318
117,-1756.655,-520.812,-21187.15,3.5,2.454,0.0062,1,15.2146,15.2146,0.6604,0.5842
118,-14119.785,-3898.05,-34011.663,3.5,2.358,0.0078,1,21.59,20.5994,1.7399,1.016
119,1296.986,98.406,-25312.791,3.5,1,0.0067,0,15.3162,10.16,0.7112,0.5842
120,-21300.83,1.456,-391.045,10,2.375,0,1,25.1968,20.2819,1.3462,0.8001
121,-34975.341,-2.18,-1746.676,12.166,2.132,0,1,30.6324,25.3873,1.4605,0.8763
122,-7041.679,0.29,173.407,4,1.459,0,1,31.2674,10.2362,1.0795,0.6604
123,-25077.365,-2.697,-1009.354,6.325,2.252,0,1,31.75,16.6624,1.3208,0.762
124,-1343.69,721.737,-33488.364,3.5,2.398,0.0073,1,12.7254,12.7,0.9144,0.6096
125,-14119.785,-3898.05,-34011.663,3.5,2.358,0.0082,1,21.59,20.5994,1.7399,1.016
126,-43808.711,-9311.988,-46984.639,3.5,1.755,0.0093,1,54.9148,21.3868,2.3622,1.4732
127,-24510.763,2692.529,-45471.304,3.5,2.257,0.0084,1,52.9082,16.5862,1.3589,0.9652
128,-28130.033,1.815,-664.762,10,1.988,0,1,35.0266,20.3962,1.5113,0.8636
129,-47544.309,-3.331,-2772.145,12.166,1.97,0,1,35.6616,25.4889,1.8288,1.0541
130,-16459.971,0.59,257.527,4,2.903,0,1,34.8996,12.7,0.8509,0.5842
131,-22724.975,-3.077,-1127.269,6.325,1.526,0,1,40.6654,17.7673,1.2827,0.7747
132,-34509.113,-6.676,-1613.502,6.325,2.138,0,1,34.6964,20.3073,1.3462,0.7747
133,-20512.872,0.985,398.444,4,2.915,0,1,39.8526,13.97,0.8763,0.635
134,-42864.193,4.397,-1218.047,10,2.314,0,1,30.9626,25.4254,1.6256,0.9144
135,-66079.482,-5.592,-4239.919,12.166,2.105,0,1,36.3474,25.7302,2.1717,1.2954
136,5473.651,716.12,-39967.462,3.5,1,0.0091,0,16.2052,15.4432,1.1557,0.8128
137,-36596.967,8518.262,-56893.724,3.5,2.174,0.0088,1,54.4322,21.2217,2.1209,1.3081
138,64595.333,-3233.11,-59880.174,3.5,2.145,0.0094,1,60.7568,22.8346,1.7272,1.1176
139,-62880.434,-18012.141,-59549.079,3.5,1.51,0.0099,1,76.6318,26.7081,2.3622,1.4859
140,-82784.246,-27589.422,-72087.355,3.5,1.465,0.0103,1,91.4654,30.48,2.5908,1.651
141,81279.942,-4319.382,-71216.423,3.5,2.075,0.0103,1,67.8434,25.2984,1.6256,1.1684
142,-48507.911,12614.167,-67997.494,3.5,2.079,0.0093,1,62.3062,22.86,2.4892,1.397
143,41024.466,1851.786,-52599.758,3.5,1,0.0105,0,59.8678,17.7927,1.2827,1.0033
144,-43026.836,5.282,-1438.838,10,1.715,0,1,41.4782,25.9969,1.6891,1.0033
145,-67757.778,-7.269,-5153.408,12.166,1.586,0,1,47.2186,28.3083,2.2098,1.3589
146,-23206.796,2.254,523.236,4,2.927,0,1,35.1536,17.0942,0.9779,0.6858
147,-38806.674,-8.45,-1990.164,6.325,2.07,0,1,35.0266,20.3962,1.5113,0.8636
148,-42968.269,-10.377,-2389.124,6.325,2.003,0,1,35.3568,20.4724,1.6764,0.9398
149,-25699.789,1.448,578.763,4,2.859,0,1,40.3352,14.0335,1.1176,0.6985
150,-51520.665,5.916,-1777.407,10,1.718,0,1,41.4782,25.9969,1.6891,1.0033
151,-82249.196,-7.596,-6742.164,12.166,1.673,0,1,43.1038,26.4795,2.5019,1.4859
152,50602.747,4625.777,-61614.28,3.5,1,0.0112,0,53.9496,21.0693,1.8796,1.1557
153,-60477.327,18617.148,-79469.075,3.5,2.018,0.0096,1,70.1802,25.4254,2.794,1.5494
154,98537.481,-5364.245,-82696.838,3.5,2.007,0.0111,1,75.311,26.543,1.7018,1.3208
155,-103299.088,-43922.146,-85266.853,3.5,1.615,0.01,1,77.9272,38.2016,3.0099,1.8034
156,-74383.048,-16084.772,-97426.123,3.5,2.26,0.0069,1,34.8234,31.6992,3.556,2.2098
157,130222.26,-7846.926,-105288.903,3.5,1.968,0.0126,1,76.6318,26.7081,2.3622,1.4859
158,75890.33,9901.597,-80717.422,3.5,1,0.0127,0,68.8086,25.4381,2.1082,1.3081
159,-85291.091,9.882,-2926.425,10,2.049,0,1,46.7106,28.1686,1.9558,1.2192
160,-101759.101,-12.448,-9296.535,12.166,1.487,0,1,48.1838,28.6131,2.6924,1.6637
161,-28335.848,2.515,913.88,4,2.689,0,1,44.958,15.24,1.0795,0.762
162,-41655.116,-7.901,-2382.392,6.325,1.379,0,1,46.3296,19.1897,1.7653,1.0541
163,-48201.362,-9.829,-3159.392,6.325,1.328,0,1,46.609,19.2786,1.905,1.143
164,-33000.862,2.978,1101.351,4,2.687,0,1,44.958,15.24,1.0795,0.762
165,-105136.323,12.784,-3876.71,10,1.982,0,1,47.2186,28.3083,2.2098,1.3589
166,-120794.593,-17.74,-11818.184,12.166,1.369,0,1,49.5046,28.4988,3.3528,1.8542
167,100206.748,15064.565,-99263.011,3.5,1,0.0127,0,84.0486,29.2354,2.1717,1.4732
168,161670.437,-8905.417,-125435.588,3.5,1.92,0.0073,1,69.5452,35.4711,2.4765,1.5367
169,-210542.593,-80489.999,-154634.607,3.5,1.688,0.0075,1,100.8126,45.2882,4.0005,2.1082
170,116822.215,21345.122,-115475.015,3.5,1,0.0088,0,69.5452,35.4711,2.4765,1.5367
171,-124394.005,58403.807,-147528.899,3.5,1.995,0.0092,1,98.2218,44.9834,2.7051,1.8034
172,197241.911,11972.894,-150257.107,3.5,1.845,0.0133,1,98.0186,29.9974,2.6035,1.651
173,-100917.246,19.242,-3750.846,10,1.477,0,1,54.2544,31.2166,2.032,1.27
174,-147740.953,-31.448,-11156.715,12.166,1.314,0,1,69.5452,35.4711,2.4765,1.5367
175,-37971.835,4.564,1562.359,4,2.663,0,1,45.466,15.2781,1.3335,0.8001
176,-64493.377,-29.882,-4098.158,6.325,1.612,0,1,41.4782,25.9969,1.6891,1.0033
177,68381.433,-36.094,-4499.265,6.325,1,0,0,46.2534,28.0289,1.7272,1.0795
178,-44262.054,6.006,2114.07,4,2.647,0,1,52.4764,16.51,1.143,0.889
179,-139056.98,19.645,-4998.211,10,1.742,0,1,54.6354,31.3436,2.2225,1.397
180,-164864.975,-38.049,-12705.731,12.166,1.301,0,1,70.0786,35.6108,2.7432,1.6764
181,146299.907,31270.09,-136073.038,3.5,1,0.0097,0,97.028,44.9834,2.1082,1.8034
182,-146087.423,65599.748,-169104.713,3.5,1.969,0.0095,1,100.8126,40.2082,4.0005,2.1082
183,228753.982,12382.322,-170901.65,3.5,1.831,0.0114,1,92.2782,30.6705,2.9972,1.8415
184,-244728.865,-92014.46,-177678.907,3.5,1.682,0.0075,1,101.6,45.4914,4.3942,2.3114
185,-251677.762,-108942.876,-182563.868,3.5,1.705,0.0151,1,96.012,42.7482,5.588,3.0988
186,230178.402,31375.682,-149218.428,3.5,1.701,0.0168,1,99.0092,40.005,3.0988,1.651
187,-130323.615,85345.646,-174525.97,3.5,2.152,0.0177,1,99.9998,45.085,3.5941,1.905
188,145159.29,42322.236,-141895.453,3.5,1,0.0174,0,98.2218,40.005,2.7051,1.651
189,-140352.598,19.133,-3505.198,10,1.542,0,1,61.6204,32.512,2.159,1.397
190,-159125.391,-46.624,-11701.277,12.166,1.23,0,1,77.3176,38.0619,2.7051,1.6637
191,-58624.411,7.215,2438.76,4,2.177,0,1,59.8678,17.7927,1.2827,1.0033
192,-82626.123,-32.859,-4142.794,6.325,1.464,0,1,46.2534,28.0289,1.7272,1.0795
193,-81186.608,-14.326,-3223.93,6.325,1.226,0,1,61.214,22.9108,1.9558,1.1938
194,-65709.192,7.206,2441.203,4,2.188,0,1,59.8678,17.7927,1.2827,1.0033
195,-147263.55,19.447,-3490.821,10,1.594,0,1,61.6204,32.512,2.159,1.397
196,-167169.398,-47.188,-11696.074,12.166,1.23,0,1,77.3176,38.0619,2.7051,1.6637
197,146539.725,54329.726,-182047.526,3.5,1,0.0193,0,98.2218,44.9834,2.7051,1.8034
198,-128265.412,94680.149,-213136.764,3.5,2.162,0.0209,1,100.8126,45.2882,4.0005,2.1082
199,229908.282,40469.064,-181588.883,3.5,1.676,0.0195,1,98.2218,44.9834,2.7051,1.8034
200,-254638.103,-116556.371,-220741.715,3.5,1.716,0.0183,1,92.3036,41.4401,6.2992,3.5052
201,-259063.687,-124908.491,-259036.45,3.5,1.72,0.0209,1,97.1804,43.0911,6.1976,3.4544
202,231225.944,49650.506,-214274.413,3.5,1.616,0.022,1,99.2124,44.9834,3.2004,1.8034
203,-118324.71,106863.923,-251035.225,3.5,2.188,0.0224,1,45.5168,41.8465,6.7564,4.2037
204,147933.889,64202.261,-221881.571,3.5,1,0.0218,0,99.2124,44.9834,3.2004,1.8034
205,150011.294,74737.041,-261690.433,3.5,1,0.0233,0,100.8126,45.2882,4.0005,2.1082
206,83891.289,-127037.706,-293814.309,3.5,1,0.0227,0,101.1936,44.196,8.2042,4.5466
207,233738.695,59139.637,-247666.092,3.5,1.536,0.0228,1,101.6,45.4914,4.3942,2.3114
208,-262797.809,-132857.436,-297210.315,3.5,1.734,0.0235,1,98.3996,43.4467,6.8072,3.81
209,-256772.324,-138728.326,-333285.012,3.5,2.013,0.0208,1,53.1368,44.2341,10.5664,6.5913
210,223663.052,-65524.222,-334767.755,3.5,2.165,0.0233,1,47.4218,42.4053,7.7089,4.7625
211,83777.294,-148034.109,-331574.416,3.5,1,0.0244,0,53.1368,44.2341,10.5664,6.5913
212,138137.137,86680.369,-299352.842,3.5,1,0.0225,0,47.4218,42.4053,7.7089,4.7625
213,-42584.153,-229412.869,-276306.249,3.5,2.059,0.0238,1,56.9468,45.4406,12.4714,7.7978
214,-130930.063,219712.954,-311281.241,3.5,2.184,0.0237,1,56.9468,45.4406,12.4714,7.7978
215,44328.384,85833.883,-71646.706,5,1,0.0329,0,40.7416,40.3606,4.3688,2.7178
216,-51745.679,-0.04,-715.479,15,2.375,0,1,31.115,30.5816,1.7018,1.0922
217,-73835.109,-0.012,-649.441,10,1.318,0,1,47.2186,28.3083,2.2098,1.3589
218,-84017.466,-0.028,-464.404,10,1.226,0,1,54.2544,31.2166,2.032,1.27
219,-85099.303,0.055,-1531.831,15,2.212,0,1,35.9664,36.9951,1.9812,1.2319
220,-77951.179,115964.405,-93281.279,5,2.191,0.0327,1,48.3108,42.7609,8.1534,5.1181
221,77951.179,115964.405,-93281.279,5,1,0.0327,0,48.3108,42.7609,8.1534,5.1181
222,-118062.677,152001.154,-131453.283,5,2.204,0.0348,1,56.9468,45.4406,12.4714,7.7978
223,-127909.144,-0.05,-2634.383,15,1.934,0,1,48.895,28.3464,3.048,1.7018
224,-102259.805,-0.088,-178.484,9,1.207,0,1,61.1124,32.385,1.905,1.27
225,-107603.452,-0.097,-151.699,9,1.207,0,1,61.1124,32.385,1.905,1.27
226,-139703.255,-0.15,-3044.25,15,1.869,0,1,49.5046,28.4988,3.3528,1.8542
227,-120195.732,-0.244,-3044.25,15,1.697,0,1,49.5046,28.4988,3.3528,1.8542
228,-129554.108,125083.431,-134707.547,5,2.132,0.0332,1,96.012,42.7482,5.588,3.0988
229,-133340.783,134440.637,-142219.967,5,2.168,0.0322,1,46.4566,42.1386,7.2263,4.4958
230,-130704.637,-0.272,-3353.905,15,1.688,0,1,49.5046,28.4988,3.3528,1.8542
231,-140051.702,-0.479,-3776.512,15,1.626,0,1,50.0888,28.702,3.6576,2.0574
232,-98564.516,-0.018,-344.55,9,1.223,0,1,54.2544,31.2166,2.032,1.27
233,-145998.481,141517.075,-150363.532,5,2.167,0.033,1,47.4218,42.4053,7.7089,4.7625
234,-160173.624,150363.749,-158781.183,5,2.167,0.0323,1,49.784,43.2054,8.89,5.5626
235,-150406.137,-0.524,-4094.317,15,1.62,0,1,50.0888,28.702,3.6576,2.0574
236,134906.174,0.166,-71.346,9,1,0,0,61.1124,32.385,1.905,1.27
237,139373.288,0.172,-44.562,9,1,0,0,61.1124,32.385,1.905,1.27
238,-153582.203,-1.283,-3801.66,15,1.435,0,1,57.0992,31.5468,3.4544,1.905
239,-173449.132,157786.114,-166991.677,5,2.166,0.0324,1,51.4096,43.688,9.7028,6.0452
240,-186744.143,165105.807,-175185.805,5,2.165,0.0322,1,53.1368,44.2341,10.5664,6.5913
241,-142335.618,-3.842,-2190.448,15,1.231,0,1,77.3176,38.0619,2.7051,1.6637
242,143840.402,0.178,-17.778,9,1,0,0,61.1124,32.385,1.905,1.27
243,-179168.762,-1.004,-5159.349,15,1.542,0,1,50.9016,28.8925,4.0386,2.2606
244,-200082.528,172274.393,-183361.796,5,2.164,0.032,1,54.9656,44.831,11.4808,7.1882
245,-213460.091,179262.719,-191516.854,5,2.164,0.0316,1,56.9468,45.4406,12.4714,7.7978
246,-154625.028,-5.413,-2261.486,15,1.223,0,1,77.9272,38.2016,3.0099,1.8034
247,-160923.035,-5.787,-2426.437,15,1.223,0,1,77.9272,38.2016,3.0099,1.8034
248,-225357.45,175976.261,-193451.313,5,2.161,0.032,1,56.9468,45.4406,12.4714,7.7978
249,-237491.007,181758.508,-201419.284,5,2.16,0.0333,1,56.9468,45.4406,12.4714,7.7978
250,-168953.607,-6.12,-2565.519,15,1.223,0,1,77.9272,38.2016,3.0099,1.8034
251,-170878.23,-6.077,-2565.519,15,1.223,0,1,77.9272,38.2016,3.0099,1.8034
252,-237640.408,183306.646,-207720.852,5,2.161,0.0344,1,56.9468,45.4406,12.4714,7.7978
253,-18513.223,37077.223,-61649.976,5,1.793,0.0091,1,49.5046,28.4988,3.3528,1.8542
254,-20118.479,-0.004,-198.571,15,2.313,0,1,25.654,20.3708,1.5748,0.889
255,-55491.471,-0.023,-697.816,9,1.271,0,1,46.2534,28.0289,1.7272,1.0795
256,-66639.422,-0.021,-940.599,9,1.412,0,1,36.3474,25.7302,2.1717,1.2954
257,-21218.769,-0.018,-198.571,15,2.379,0,1,25.654,20.3708,1.5748,0.889
258,-20087.799,58846.855,-64496.999,5,2.169,0.0141,1,38.0492,39.5351,3.0226,1.8923
259,-20950.912,66547.21,-65968.62,5,2.175,0.0204,1,38.6588,39.751,3.3274,2.1082
260,-22319.059,-0.031,-198.571,15,2.442,0,1,25.654,20.3708,1.5748,0.889
261,-71285.593,-0.001,-940.599,9,1.482,0,1,36.3474,25.7302,2.1717,1.2954
262,-68722.341,-0.008,-710.639,9,1.258,0,1,46.7106,28.1686,1.9558,1.2192
263,-22643.348,-0.055,-215.036,15,2.482,0,1,21.59,20.5994,1.7399,1.016
264,-21811.849,74210.958,-67421.43,5,2.182,0.0263,1,39.3192,39.9034,3.6576,2.2606
265,-21897.982,77597.926,-68142.713,5,2.183,0.0303,1,39.3192,39.9034,3.6576,2.2606
266,-22664.705,81864.457,-68857.073,5,2.191,0.0319,1,39.9288,40.132,3.9624,2.4892
267,-25569.488,95363.89,-70913.878,5,2.232,0.0329,1,43.4848,41.2242,5.7404,3.5814
268,-27633.939,106664.502,-72573.744,5,2.248,0.0326,1,48.3108,42.7609,8.1534,5.1181
269,34472.723,-116757.065,-90116.311,5,1,0.0322,0,51.4096,43.688,9.7028,6.0452
270,34956.988,-128690.543,-103107.624,5,1,0.0328,0,53.1368,44.2341,10.5664,6.5913
271,-26456.209,106499.738,-96394.298,5,2.259,0.0325,1,48.3108,42.7609,8.1534,5.1181
272,-23757.47,92635.925,-94374.066,5,2.195,0.0333,1,42.5196,40.9194,5.2578,3.2766
273,-20870.514,77996.024,-92091.891,5,2.166,0.0308,1,39.3192,39.9034,3.6576,2.2606
274,-20203.634,69339.211,-90466.029,5,2.163,0.0239,1,38.6588,39.751,3.3274,2.1082
275,-19553.497,60661.625,-88821.499,5,2.162,0.0165,1,38.0492,39.5351,3.0226,1.8923
276,-19073.79,52456.308,-87219.848,5,2.162,0.0085,1,37.5412,39.37,2.7686,1.7272
277,-18773.951,53326.203,-111373.098,5,2.159,0.0098,1,37.5412,39.37,2.7686,1.7272
278,-17202.378,55030.815,-112317.299,5,2.071,0.0213,1,35.6362,31.9278,3.9624,2.4384
279,-20237.52,74226.315,-115218.903,5,2.155,0.0264,1,39.3192,39.9034,3.6576,2.2606
280,-24668.692,86160.315,-117562.529,5,1.917,0.0325,1,99.2124,44.9834,3.2004,1.8034
281,-24917.664,102890.17,-119758.618,5,2.209,0.0328,1,46.4566,42.1386,7.2263,4.4958
282,27802.713,-125744.708,-126794.185,5,1,0.032,0,53.1368,44.2341,10.5664,6.5913
283,36261.341,-155281.668,-129063.529,5,1,0.0335,0,56.9468,45.4406,12.4714,7.7978
284,22655.573,-126796.301,-150778.432,5,1,0.0323,0,53.1368,44.2341,10.5664,6.5913
285,-24563.831,104977.567,-143983.223,5,2.193,0.0329,1,47.4218,42.4053,7.7089,4.7625
286,-25146.853,95651.469,-142783.39,5,2.068,0.0324,1,101.6,45.4914,4.3942,2.3114
287,-19522.133,77056.467,-139718.708,5,2.134,0.0298,1,39.3192,39.9034,3.6576,2.2606
288,-19318.323,66541.356,-137752.625,5,2.149,0.0206,1,38.6588,39.751,3.3274,2.1082
289,-16556.32,46579.098,-134649.822,5,2.113,0.0125,1,34.8234,31.6992,3.556,2.2098
290,-18885.736,56962.114,-159927.049,5,2.153,0.0119,1,38.0492,39.5351,3.0226,1.8923
291,-19566.987,70422.016,-162333.754,5,2.144,0.0221,1,39.3192,39.9034,3.6576,2.2606
292,-19555.814,81864.999,-164453.122,5,2.047,0.032,1,39.9288,40.132,3.9624,2.4892
293,-24008.33,103573.81,-167647.335,5,2.173,0.0317,1,47.4218,42.4053,7.7089,4.7625
294,18512.002,-129846.608,-174911.523,5,1,0.0331,0,53.1368,44.2341,10.5664,6.5913
295,19538.423,-150977.579,-200607.68,5,1,0.0325,0,56.9468,45.4406,12.4714,7.7978
296,-24287.304,108812.711,-192401.451,5,2.17,0.0322,1,49.784,43.2054,8.89,5.5626
297,-143934.233,48895.334,-192054.356,5,1.99,0.0322,1,49.784,43.2054,8.89,5.5626
298,-150019.755,37979.627,-191216.924,5,1.684,0.0332,1,99.2124,44.9834,3.2004,1.8034
299,-141750.576,24440.684,-188241.098,5,1.852,0.0275,1,77.3176,38.0619,2.7051,1.6637
300,-143729.862,9820.427,-185917.529,5,1.818,0.0176,1,97.028,29.9974,2.1082,1.6002
301,-143669.706,11878.727,-210192.897,5,1.818,0.0181,1,91.4654,30.48,2.5908,1.651
302,-142803.391,26938.991,-212752.051,5,1.813,0.0289,1,77.9272,38.2016,3.0099,1.8034
303,-152357.137,41534.667,-215855.06,5,1.65,0.0321,1,101.6,45.4914,4.3942,2.3114
304,29994.934,-119504.875,-221887.345,5,1,0.0317,0,53.1368,44.2341,10.5664,6.5913
305,35911.408,-137924.166,-241179.835,5,1,0.0327,0,54.9656,44.831,11.4808,7.1882
306,-164894.86,53926.513,-233029.752,5,2.059,0.0332,1,45.5168,41.8465,6.7564,4.2037
307,-177353.008,35743.377,-231597.173,5,1.703,0.0298,1,99.0092,40.005,3.0988,1.651
308,-171529.745,23277.275,-228504.562,5,1.887,0.0158,1,77.9272,38.2016,3.0099,1.8034
309,-224809.633,37610.388,-259327.413,5,1.807,0.0162,1,91.186,41.8338,3.2004,1.9304
310,-228514.85,54355.416,-262696.636,5,1.724,0.029,1,99.9998,45.085,3.5941,1.905
311,-234515.664,71281.904,-265791.907,5,1.696,0.033,1,101.1936,44.196,8.2042,4.5466
312,-225833.629,82342.212,-266609.159,5,1.927,0.0354,1,56.9468,45.4406,12.4714,7.7978
313,-139248.761,10852.103,-209888.667,5,1.667,0.0238,1,69.5452,35.4711,2.4765,1.5367
314,-160302.384,11121.162,-220526.951,5,1.667,0.0263,1,91.4654,30.48,2.5908,1.651
315,-168544.689,11878.266,-225075.548,5,1.667,0.027,1,98.0186,29.9974,2.6035,1.651
316,-175644.306,14685.725,-229723.233,5,1.667,0.027,1,92.2782,30.6705,2.9972,1.8415
317,-184097.524,23061.86,-236287.767,5,1.667,0.0253,1,77.9272,38.2016,3.0099,1.8034
318,-194685.549,17136.281,-240386.175,5,1.667,0.0284,1,108.9914,29.9974,3.0988,1.8034
319,-202393.349,27078.189,-245812.933,5,1.667,0.0262,1,98.2218,40.005,2.7051,1.651
320,-210606.295,30581.57,-250639.263,5,1.667,0.0262,1,99.0092,40.005,3.0988,1.651
321,-217736.431,32275.634,-255172.377,5,1.667,0.0267,1,99.0092,40.005,3.0988,1.651
322,-224561.409,36279.718,-259913.489,5,1.667,0.0266,1,91.186,41.8338,3.2004,1.9304
323,-227772.638,26540.576,-262905.445,5,1.667,0.0301,1,101.0006,30.2006,4,2.11
324,-241327.096,43635.782,-269629.593,5,1.667,0.0267,1,99.2124,44.9834,3.2004,1.8034
325,-248555.364,45639.441,-274203.786,5,1.667,0.0272,1,99.2124,44.9834,3.2004,1.8034
326,-254678.627,46020.964,-278508.795,5,1.667,0.028,1,92.1004,42.037,3.6576,2.1336
327,-263921.252,51267.571,-283609.885,5,1.667,0.0278,1,99.9998,45.085,3.5941,1.905
328,-271116.154,53221.531,-288175.847,5,1.667,0.0283,1,99.9998,45.085,3.5941,1.905
329,-278410.033,51803.428,-292414.027,5,1.667,0.0296,1,101.1936,40.1955,4.191,2.3622
330,-286781.23,59408.445,-297668.351,5,1.667,0.0288,1,100.8126,45.2882,4.0005,2.1082
331,-293987.052,61385.165,-302237.753,5,1.667,0.0293,1,100.8126,45.2882,4.0005,2.1082
332,-301046.856,59514.258,-306406.222,5,1.667,0.0306,1,102.0064,40.3987,4.5974,2.54
333,-309525.131,67491.74,-311709.248,5,1.667,0.0299,1,101.6,45.4914,4.3942,2.3114
334,-316731.856,69470.056,-316278.953,5,1.667,0.0304,1,101.6,45.4914,4.3942,2.3114
335,-323297.691,70257.305,-320669.086,5,1.667,0.0311,1,94.996,42.4942,5.1054,2.8448
336,-331113.782,69459.792,-325016.893,5,1.667,0.0322,1,102.997,40.6908,5.1054,2.8448
337,-337622.822,74687.112,-329851.167,5,1.667,0.032,1,91.313,41.148,5.7912,3.2004
338,-340155.132,79142.888,-330550.956,5,1.667,0.0312,1,96.012,42.7482,5.588,3.0988
339,-352393.088,82924.141,-338238.504,5,1.667,0.032,1,96.012,42.7482,5.588,3.0988
340,-364660.454,87341.614,-345996.698,5,1.667,0.0326,1,92.3036,41.4401,6.2992,3.5052
341,-376900.281,91149.98,-353687.235,5,1.667,0.0333,1,92.3036,41.4401,6.2992,3.5052
342,-390573.8,97427.959,-361769.521,5,1.667,0.0337,1,97.1804,43.0911,6.1976,3.4544
343,-404168.702,104269.919,-369904.423,5,1.667,0.0339,1,98.3996,43.4467,6.8072,3.81
344,-418810.905,113583.157,-378395.66,5,1.667,0.0338,1,101.1936,44.196,8.2042,4.5466
345,-447262.845,130947.976,-395168.139,5,1.667,0.0339,1,107.823,46.0502,11.5062,6.4008
346,-459780.653,135460.461,-402957.59,5,1.667,0.0346,1,107.823,46.0502,11.5062,6.4008
347,-455183.928,112282.237,-398343.861,5,1.765,0.0184,1,94.8944,42.1386,7.5946,4.191
348,-469194.68,117297.665,-406275.997,5,1.754,0.0182,1,99.5934,43.7388,7.3914,4.0894
349,-481573.319,121179.182,-413942.445,5,1.755,0.0186,1,99.5934,43.7388,7.3914,4.0894
350,-493778.317,125785.065,-421667.709,5,1.76,0.0187,1,96.2914,42.545,8.3058,4.5974
351,-520403.574,135171.311,-437347.208,5,1.75,0.0186,1,101.1936,44.196,8.2042,4.5466
352,-544735.745,143358.85,-452686.959,5,1.756,0.0193,1,97.7138,42.9514,8.9916,5.0038
353,-571604.399,153362.161,-468465.16,5,1.746,0.019,1,102.7938,44.6405,8.9916,5.0038
354,-610493.404,167988.36,-491969.522,5,1.742,0.0189,1,104.6226,45.1485,9.906,5.4991
355,-635455.059,176210.873,-507376.947,5,1.743,0.0195,1,104.6226,45.1485,9.906,5.4991
356,-661914.987,187127.697,-523241.896,5,1.738,0.019,1,106.6038,45.6946,10.8966,6.0452
357,-686931.75,195494.034,-538672.809,5,1.739,0.0195,1,106.6038,45.6946,10.8966,6.0452
358,-711948.514,203860.371,-554103.721,5,1.739,0.0201,1,106.6038,45.6946,10.8966,6.0452
359,-737871.651,214044.045,-569840.624,5,1.736,0.0199,1,107.823,46.0502,11.5062,6.4008
360,-762918.417,222494.959,-585285.347,5,1.737,0.0205,1,107.823,46.0502,11.5062,6.4008
361,-787965.183,230945.874,-600730.07,5,1.737,0.021,1,107.823,46.0502,11.5062,6.4008
362,-637711.133,204329.694,-512473.392,5,1.736,0.0355,1,107.823,46.0502,11.5062,6.4008
363,-612663.264,195134.497,-496892.319,5,1.736,0.0344,1,107.823,46.0502,11.5062,6.4008
364,-587615.394,185939.301,-481311.246,5,1.735,0.0333,1,107.823,46.0502,11.5062,6.4008
365,-549339.117,171484.405,-457842.154,5,1.734,0.0328,1,106.6038,45.6946,10.8966,6.0452
366,-510602.759,156711.989,-434324.445,5,1.735,0.0329,1,104.6226,45.1485,9.906,5.4991
367,-471910.933,142110.296,-410830.679,5,1.735,0.0329,1,102.7938,44.6405,8.9916,5.0038
368,-433338.251,127732.464,-387370.426,5,1.734,0.0326,1,101.1936,44.196,8.2042,4.5466
369,-393255.022,112793.767,-363761.106,5,1.743,0.0332,1,94.8944,42.1386,7.5946,4.191
370,-355202.724,98598.716,-340374.865,5,1.736,0.0327,1,97.1804,43.0911,6.1976,3.4544
371,-329149.475,89025.237,-324725.553,5,1.737,0.0326,1,96.012,42.7482,5.588,3.0988
372,-303377.961,79816.923,-309127.594,5,1.738,0.0322,1,94.996,42.4942,5.1054,2.8448
373,-279835.265,72072.688,-293801.438,5,1.723,0.03,1,101.6,45.4914,4.3942,2.3114
374,-253443.079,60187.623,-278018.254,5,1.704,0.0326,1,101.1936,40.1955,4.191,2.3622
375,-240748.559,58295.009,-270390.359,5,1.726,0.0297,1,99.9998,45.085,3.5941,1.905
376,-228629.875,54424.401,-262709.488,5,1.723,0.0289,1,99.9998,45.085,3.5941,1.905
377,-215242.357,49699.539,-254874.584,5,1.727,0.0291,1,99.2124,44.9834,3.2004,1.8034
378,-199728.59,44430.993,-246834.751,5,1.764,0.0304,1,86.8172,40.2844,3.556,2.1082
379,-189294.027,39153.813,-239219.96,5,1.707,0.0308,1,99.0092,40.005,3.0988,1.651
380,-177353.008,35743.377,-231597.173,5,1.703,0.0298,1,99.0092,40.005,3.0988,1.651
381,177353.008,-35743.377,-231597.173,5,1.703,0.0298,1,99.0092,40.005,3.0988,1.651
382,164165.051,-31341.638,-223805.111,5,1.709,0.03,1,98.2218,40.005,2.7051,1.651
383,151999.007,-29551.291,-218807.44,5,1.817,0.0298,1,77.9272,38.2016,3.0099,1.8034
384,145102.295,-27592.066,-214265.899,5,1.814,0.0291,1,77.9272,38.2016,3.0099,1.8034
385,157245.781,-43328.608,-218971.962,5,1.653,0.0326,1,101.6,45.4914,4.3942,2.3114
386,153743.434,-49250.393,-225320.119,5,2.054,0.032,1,45.5168,41.8465,6.7564,4.2037
387,164894.86,-53926.513,-233029.752,5,2.059,0.0332,1,45.5168,41.8465,6.7564,4.2037
388,190846.803,-63343.334,-248659.123,5,2.031,0.0333,1,47.4218,42.4053,7.7089,4.7625
389,208331.593,-67379.342,-256616.425,5,1.976,0.0302,1,51.4096,43.688,9.7028,6.0452
390,234596.514,-71253.348,-265785.826,5,1.696,0.0328,1,101.1936,44.196,8.2042,4.5466
391,233904.309,-76697.652,-272209.563,5,1.961,0.0304,1,53.1368,44.2341,10.5664,6.5913
392,245679.734,-81660.454,-279998.427,5,1.963,0.0313,1,53.1368,44.2341,10.5664,6.5913
393,257455.158,-86623.256,-287787.29,5,1.965,0.0323,1,53.1368,44.2341,10.5664,6.5913
394,285804.52,-95311.28,-303443.502,5,1.93,0.0304,1,56.9468,45.4406,12.4714,7.7978
395,222312.209,11990.725,-264760.902,3.5,1.948,0.0058,1,77.9272,38.2016,3.0099,1.8034
396,242298.431,13448.995,-275655.807,3.5,1.874,0.0058,1,97.028,44.9834,2.1082,1.8034
397,258910.606,14024.214,-286049.712,3.5,1.848,0.0062,1,98.2218,40.005,2.7051,1.651
398,275776.779,15432.513,-296468.89,3.5,1.823,0.0061,1,99.0092,40.005,3.0988,1.651
399,291364.023,16248.722,-306705.271,3.5,1.824,0.0063,1,99.0092,40.005,3.0988,1.651
400,306854.845,17771.01,-316938.789,3.5,1.828,0.0061,1,98.2218,44.9834,2.7051,1.8034
401,324301.589,19313.761,-327480.136,3.5,1.798,0.0059,1,99.2124,44.9834,3.2004,1.8034
402,339973.281,20206.997,-337725.907,3.5,1.798,0.0061,1,99.2124,44.9834,3.2004,1.8034
403,354296.808,20572.915,-347832.257,3.5,1.827,0.0064,1,92.1004,42.037,3.6576,2.1336
404,372850.449,22420.785,-358504.011,3.5,1.782,0.0061,1,99.9998,45.085,3.5941,1.905
405,388586.003,23336,-368759.679,3.5,1.782,0.0063,1,99.9998,45.085,3.5941,1.905
406,405406.578,23459.096,-379223.743,3.5,1.789,0.007,1,101.1936,40.1955,4.191,2.3622
407,437508.585,26459.072,-399875.173,3.5,1.769,0.0065,1,100.8126,45.2882,4.0005,2.1082
408,469954.167,27525.546,-420541.935,3.5,1.777,0.0074,1,102.0064,40.3987,4.5974,2.54
409,502249.663,30496.632,-441275.516,3.5,1.759,0.0069,1,101.6,45.4914,4.3942,2.3114
410,532411.046,31743.202,-461742.64,3.5,1.787,0.0073,1,91.313,41.148,5.7912,3.2004
411,566057.092,34051.47,-482618.636,3.5,1.769,0.0074,1,96.012,42.7482,5.588,3.0988
412,597400.62,35789.926,-503211.163,3.5,1.776,0.0076,1,92.3036,41.4401,6.2992,3.5052
413,633585.408,38147.948,-524343.443,3.5,1.744,0.0081,1,105.0036,41.2496,6.096,3.4036
414,662803.787,39873.148,-544789.899,3.5,1.763,0.0079,1,93.4974,41.7957,6.9088,3.8608
415,699101.392,42341.027,-565916.929,3.5,1.734,0.0083,1,106.1974,41.5544,6.7056,3.7084
416,728421.983,43926.69,-586441.622,3.5,1.751,0.0081,1,94.8944,42.1386,7.5946,4.191
417,762515.834,46181.346,-607467.566,3.5,1.736,0.0081,1,99.5934,43.7388,7.3914,4.0894
418,794486.947,48120.279,-628082.32,3.5,1.736,0.0083,1,99.5934,43.7388,7.3914,4.0894
419,826142.882,49823.018,-648783.032,3.5,1.74,0.0085,1,96.2914,42.545,8.3058,4.5974
420,860639.714,52011.899,-669946.845,3.5,1.725,0.0084,1,101.1936,44.196,8.2042,4.5466
421,892693.055,53959.62,-690581.946,3.5,1.725,0.0087,1,101.1936,44.196,8.2042,4.5466
422,927325.288,56391.917,-711297.395,3.5,1.714,0.0094,1,109.1946,42.3926,8.2042,4.5466
423,958833.826,57699.847,-732499.862,3.5,1.715,0.0087,1,102.7938,44.6405,8.9916,5.0038
424,990955.32,59649.871,-753153.742,3.5,1.715,0.0089,1,102.7938,44.6405,8.9916,5.0038
425,1025630.903,62264.756,-773823.618,3.5,1.706,0.0097,1,110.7948,42.8498,8.9916,5.0038
426,1057322.33,63193.521,-795207.324,3.5,1.706,0.0089,1,104.6226,45.1485,9.906,5.4991
427,1089508.561,65140.347,-815880.986,3.5,1.706,0.0091,1,104.6226,45.1485,9.906,5.4991
428,1121700.47,67086.889,-836556.592,3.5,1.706,0.0094,1,104.6226,45.1485,9.906,5.4991
429,1156060.855,68436.931,-858081.831,3.5,1.697,0.009,1,106.6038,45.6946,10.8966,6.0452
430,1188506.557,70366.837,-878843.417,3.5,1.697,0.0092,1,106.6038,45.6946,10.8966,6.0452
431,1190284.412,101160.401,-867246.407,3.5,1.669,0.0178,1,107.823,46.0502,11.5062,6.4008
432,1222947.704,103821.995,-887788.773,3.5,1.669,0.0182,1,107.823,46.0502,11.5062,6.4008
433,1255746.376,106480.364,-908375.95,3.5,1.668,0.0187,1,107.823,46.0502,11.5062,6.4008
434,1223295.706,119826.801,-881601.516,3.5,1.657,0.0228,1,107.823,46.0502,11.5062,6.4008
435,1141795.538,112238.966,-830663.756,3.5,1.659,0.0215,1,107.823,46.0502,11.5062,6.4008
436,1059974.162,105987.201,-779072.365,3.5,1.665,0.0209,1,106.6038,45.6946,10.8966,6.0452
437,977632.392,100115.405,-727137.078,3.5,1.675,0.0208,1,104.6226,45.1485,9.906,5.4991
438,897792.086,95096.832,-675025.743,3.5,1.678,0.0216,1,110.7948,42.8498,8.9916,5.0038
439,815045.545,85779.784,-625008.048,3.5,1.686,0.0189,1,102.7938,44.6405,8.9916,5.0038
440,733188.129,78742.673,-573670.361,3.5,1.697,0.0184,1,101.1936,44.196,8.2042,4.5466
441,651373.888,71360.019,-522471.388,3.5,1.71,0.0177,1,99.5934,43.7388,7.3914,4.0894
442,568177.429,63440.357,-471072.611,3.5,1.741,0.0174,1,93.4974,41.7957,6.9088,3.8608
443,487513.253,55515.293,-420343.166,3.5,1.749,0.0165,1,96.012,42.7482,5.588,3.0988
444,407883.997,47784.964,-370031.2,3.5,1.741,0.0148,1,101.6,45.4914,4.3942,2.3114
445,326337.802,39244.017,-319318.271,3.5,1.769,0.014,1,99.9998,45.085,3.5941,1.905
446,245219.534,30203.218,-268859.326,3.5,1.823,0.0131,1,98.2218,44.9834,2.7051,1.8034
447,161369.343,20141.49,-218135.131,3.5,1.982,0.0127,1,77.3176,38.0619,2.7051,1.6637
448,-138159.547,1.673,-6243.55,15,1.231,0,1,77.3176,38.0619,2.7051,1.6637
449,380102.396,3.148,-8178.231,15,1,0,0,97.028,44.9834,2.1082,1.8034
450,542332.587,4.913,-10530.797,15,1,0,0,99.2124,44.9834,3.2004,1.8034
451,704363.114,6.398,-13023.706,15,1,0,0,100.8126,45.2882,4.0005,2.1082
452,882089.138,3.728,-14830.719,15,1,0,0,104.013,40.9448,5.588,3.0988
453,1056900.142,2.428,-16108.188,15,1,0,0,106.1974,41.5544,6.7056,3.7084
454,1222192.355,2.696,-17931.274,15,1,0,0,107.5436,41.9354,7.3914,4.0894
455,1392450.743,1.954,-19119.997,15,1,0,0,109.1946,42.3926,8.2042,4.5466
456,1562997.707,1.038,-20182.484,15,1,0,0,110.7948,42.8498,8.9916,5.0038
457,1738278.99,-2.266,-21989.674,15,1,0,0,106.6038,45.6946,10.8966,6.0452
458,1909253.809,-3.571,-22589.283,15,1,0,0,107.823,46.0502,11.5062,6.4008
459,-263099.045,17.418,-11095.601,15,1.197,0,1,86.8172,40.2844,3.556,2.1082
460,-273863.339,19.746,-10553.397,15,1.183,0,1,99.2124,44.9834,3.2004,1.8034
461,-302812.867,20.603,-11992.596,15,1.183,0,1,99.2124,44.9834,3.2004,1.8034
462,-322747.531,21.832,-13203.676,15,1.178,0,1,99.9998,45.085,3.5941,1.905
463,664388.277,21.878,-15749.099,15,1,0,0,100.8126,45.2882,4.0005,2.1082
464,-347777.805,30.815,-8276.581,15,1.688,0,1,98.2218,44.9834,2.7051,1.8034
465,-437610.167,39.416,-7833.463,15,1.764,0,1,99.2124,44.9834,3.2004,1.8034
466,-531582.722,49.788,-7604.93,15,1.819,0,1,99.9998,45.085,3.5941,1.905
467,-627264.013,64.655,-7844.641,15,1.853,0,1,100.8126,45.2882,4.0005,2.1082
468,-722961.746,82.601,-8756.451,15,1.877,0,1,101.6,45.4914,4.3942,2.3114
469,-826923.335,81.884,-13099.27,15,1.923,0,1,102.997,40.6908,5.1054,2.8448
470,-828175.798,63.164,-8913.115,15,1.856,0,1,96.012,42.7482,5.588,3.0988
471,-930963.357,14.046,7487.594,15,1.884,0,1,105.0036,41.2496,6.096,3.4036
472,-1021863.53,17.585,7831.374,15,1.913,0,1,105.0036,41.2496,6.096,3.4036
473,-1113259.71,24.505,8771.757,15,1.933,0,1,106.1974,41.5544,6.7056,3.7084
474,-1205040.59,33.328,9839.527,15,1.95,0,1,107.5436,41.9354,7.3914,4.0894
475,-1296909.24,50.704,10641.791,15,1.968,0,1,101.1936,44.196,8.2042,4.5466
476,-1388351.46,50.056,11375.956,15,1.983,0,1,109.1946,42.3926,8.2042,4.5466
477,-1480645.58,64.274,12483.044,15,1.994,0,1,110.7948,42.8498,8.9916,5.0038
478,-1571992.26,70.4,12900.661,15,2.009,0,1,110.7948,42.8498,8.9916,5.0038
479,-1665523.19,117.054,14568.655,15,2.015,0,1,106.6038,45.6946,10.8966,6.0452
480,-1756948.17,126.123,15021.175,15,2.027,0,1,106.6038,45.6946,10.8966,6.0452
481,-1849319.64,148.028,15949.442,15,2.036,0,1,107.823,46.0502,11.5062,6.4008
482,-1940794.17,157.893,16412.622,15,2.046,0,1,107.823,46.0502,11.5062,6.4008
483,1867137.79,35.151,28085.096,9,1,0,0,107.823,46.0502,11.5062,6.4008
484,1493947.844,30.755,30655.035,9,1,0,0,110.7948,42.8498,8.9916,5.0038
485,1290139.255,28.271,24761.415,9,1,0,0,101.1936,44.196,8.2042,4.5466
486,1097479.908,18.28,18393.756,9,1,0,0,106.1974,41.5544,6.7056,3.7084
487,906430.282,12.492,12733.307,9,1,0,0,104.013,40.9448,5.588,3.0988
488,720164.194,8.064,8284.716,9,1,0,0,102.0064,40.3987,4.5974,2.54
489,512586.801,2.043,2928.485,9,1,0,0,101.0006,30.2006,4,2.11
490,-19920.951,1.214,553.685,9,2.345,0,1,24.7142,20.2184,1.1049,0.7366
491,-44115.732,5.764,1814.597,9,2.266,0,1,30.9626,25.4254,1.6256,0.9144
492,-182998.433,8.823,2784.7,9,2.289,0,1,83.4644,29.1592,1.8796,1.397
493,-218141.473,11.67,3191.386,9,2.339,0,1,84.0486,29.2354,2.1717,1.4732
494,-288214.44,13.021,2482.602,9,2.292,0,1,97.028,29.9974,2.1082,1.6002
495,-294118.504,0.375,2097.52,9,2.209,0,1,91.059,30.4165,2.3876,1.5875
496,-320335.152,0.273,2310.164,9,2.213,0,1,91.4654,30.48,2.5908,1.651
497,-346926.445,0.101,2503.812,9,2.216,0,1,98.0186,29.9974,2.6035,1.651
498,-373502.493,-0.182,2927.851,9,2.218,0,1,97.028,44.9834,2.1082,1.8034
499,-399521.049,-0.492,3044.229,9,2.221,0,1,97.028,44.9834,2.1082,1.8034
500,-426280.773,-0.412,3232.918,9,2.224,0,1,108.9914,29.9974,3.0988,1.8034
501,-478382.244,-1.656,3720.191,9,2.228,0,1,99.0092,40.005,3.0988,1.651
502,-531148.869,-1.201,4100.837,9,2.231,0,1,110.0074,29.9974,3.5941,1.9939
503,-583810.055,-1.768,4720.227,9,2.234,0,1,110.7948,29.9974,4.0005,2.1971
504,-779507.226,-9.82,6461.85,9,2.24,0,1,101.6,45.4914,4.3942,2.3114
505,-976078.152,-13.611,8630.323,9,2.243,0,1,105.0036,41.2496,6.096,3.4036
506,-1019721.22,-14.895,8842.235,9,2.245,0,1,105.0036,41.2496,6.096,3.4036
507,-1063929.73,-18.532,9588.988,9,2.245,0,1,106.1974,41.5544,6.7056,3.7084
508,-1107591.3,-19.99,9813.376,9,2.246,0,1,106.1974,41.5544,6.7056,3.7084
509,1195549.694,29.36,10970.272,9,1,0,0,107.5436,41.9354,7.3914,4.0894
510,-1283058.84,-38.489,12127.74,9,2.247,0,1,101.1936,44.196,8.2042,4.5466
511,1371026.957,40.909,12724.343,9,1,0,0,109.1946,42.3926,8.2042,4.5466
512,1458481.056,56.56,13908.446,9,1,0,0,102.7938,44.6405,8.9916,5.0038
513,1751949.68,88.741,16649.547,9,1,0,0,106.6038,45.6946,10.8966,6.0452
514,150602.912,-3.691,-3786.001,6.325,1,0,0,75.311,26.543,1.7018,1.3208
515,279455.247,33.038,-1847.364,6.325,1,0,0,97.028,29.9974,2.1082,1.6002
516,396256.985,175.978,-684.66,6.325,1,0,0,97.028,44.9834,2.1082,1.8034
517,518281.484,131.614,1986.476,6.325,1,0,0,110.0074,29.9974,3.5941,1.9939
518,634013.747,398.731,3175.468,6.325,1,0,0,100.8126,40.2082,4.0005,2.1082
519,752660.355,528.552,4706.37,6.325,1,0,0,102.0064,40.3987,4.5974,2.54
520,875618.802,886.659,11417.057,6.325,1,0,0,104.013,40.9448,5.588,3.0988
521,997564.229,1046.84,12952.511,6.325,1,0,0,105.0036,41.2496,6.096,3.4036
522,1122705.828,1456.241,12858.243,6.325,1,0,0,99.5934,43.7388,7.3914,4.0894
523,1244736.594,1843.181,28171.732,6.325,1,0,0,107.5436,41.9354,7.3914,4.0894
524,1373774.925,2233.861,35073.315,6.325,1,0,0,109.1946,42.3926,8.2042,4.5466
525,1488007.291,2465.651,36509.275,6.325,1,0,0,110.7948,42.8498,8.9916,5.0038
526,1606295.041,3092.041,37528.773,6.325,1,0,0,104.6226,45.1485,9.906,5.4991
527,1733404.971,2751.398,26971.997,6.325,1,0,0,106.6038,45.6946,10.8966,6.0452
528,1970879.909,2784.525,25246.033,6.325,1,0,0,107.823,46.0502,11.5062,6.4008
529,-249535.155,-238.139,-24585.816,6.325,1.674,0,1,90.297,30.353,2.0066,1.524
530,284972.987,35.715,-25658.155,6.325,1,0,0,97.028,29.9974,2.1082,1.6002
531,303230.85,35.841,-27399.267,6.325,1,0,0,97.028,29.9974,2.1082,1.6002
532,756755.765,1521.671,-12382.801,6.325,1,0,0,101.6,45.4914,4.3942,2.3114
533,-14820.129,-0.792,-1170.358,6.325,2.58,0,1,26.2382,14.6558,1.1176,0.6604
534,-57161.308,-2.771,-3369.54,6.325,2.306,0,1,27.5336,26.0731,2.5146,1.5367
535,229854.686,33.612,-233.83,6.325,1,0,0,84.0486,29.2354,2.1717,1.4732
536,-216632.636,-64.834,-3155.787,4,2.258,0,1,84.0486,29.2354,2.1717,1.4732
537,-279550.729,-70.274,-15435.933,4,2.365,0,1,97.028,29.9974,2.1082,1.6002
538,-380620.973,-415.107,-31481.784,4,2.279,0,1,97.028,44.9834,2.1082,1.8034
539,-381834.897,-261.642,-5825.624,4,2.287,0,1,97.028,44.9834,2.1082,1.8034
540,-597157.273,-419.014,-6188.357,4,2.29,0,1,99.9998,45.085,3.5941,1.905
541,-920836.345,-486.035,-6506.073,4,2.292,0,1,104.013,40.9448,5.588,3.0988
542,-1244561.9,-707.461,-6414.313,4,2.293,0,1,107.5436,41.9354,7.3914,4.0894
543,-1676422.35,-1370.372,-5816.083,4,2.293,0,1,106.6038,45.6946,10.8966,6.0452
544,192711.001,-2.508,5133.28,5,1,0,0,76.2254,26.6573,2.159,1.4351
545,236403.102,-3.36,6193.544,5,1,0,0,84.0486,29.2354,2.1717,1.4732
546,321169.374,-4.5,8434.388,5,1,0,0,91.4654,30.48,2.5908,1.651
547,500040.445,-5.933,14907.599,5,1,0,0,110.0074,29.9974,3.5941,1.9939
548,-108751.171,-2.253,-530.091,5,2.372,0,1,61.214,22.9108,1.9558,1.1938
549,-156403.505,-1.71,-2448.524,5,2.691,0,1,75.311,26.543,1.7018,1.3208
550,417255.013,-24.777,26950.628,5,1,0,0,108.9914,29.9974,3.0988,1.8034
551,-125646.45,-211372.557,-550061.264,4,2.145,0.0266,1,106.6038,45.6946,10.8966,6.0452
552,-125593.039,-213783.956,-670444.566,4,2.143,0.0273,1,107.823,46.0502,11.5062,6.4008
553,-117687.799,-198271.254,-808310.038,4,1.901,0.0246,1,101.1936,44.196,8.2042,4.5466
554,-117141.449,-194302.667,-687515.226,4,1.937,0.0235,1,89.8906,41.148,8.9916,5.0038
555,-117966.593,-192240.005,-567336.419,4,1.965,0.021,1,96.2914,42.545,8.3058,4.5974
556,-110637.804,-191702.979,-445191.946,4,2.153,0.0178,1,49.784,43.2054,8.89,5.5626
557,-110952.319,-190574.042,-385074.589,4,2.154,0.0167,1,49.784,43.2054,8.89,5.5626
558,-4592.829,-30614.406,-369002.033,4,1.649,0.0206,1,34.8234,31.6992,3.556,2.2098
559,-6700.121,-43095.198,-490941.667,4,1.611,0.0204,1,37.3634,32.4866,4.826,2.9972
560,-7643.271,-53253.089,-612360.758,4,1.53,0.0209,1,39.1414,33.0327,5.715,3.5433
561,-37779.582,-124839.958,-820787.135,4,1.737,0.016,1,47.4218,42.4053,7.7089,4.7625
562,-229617.021,-247713.075,-1263235.99,4,1.149,0.0171,1,106.6038,45.6946,10.8966,6.0452
563,-71913.939,-192988.886,-1029864.55,4,1.576,0.0152,1,53.1368,44.2341,10.5664,6.5913
564,-7643.271,-53253.089,-612360.758,4,1.53,0.0209,1,39.1414,33.0327,5.715,3.5433
565,-13696.747,-89216.882,-618761.059,4,1.601,0.0265,1,42.7228,33.9979,7.5057,4.5085
566,-88503.692,-154841.356,-796719.812,4,1.223,0.0233,1,94.8944,42.1386,7.5946,4.191
567,-65064.599,-214066.616,-915384.23,4,1.652,0.02,1,53.1368,44.2341,10.5664,6.5913
568,-165039.847,-272539.486,-943474.013,4,1.219,0.0246,1,106.6038,45.6946,10.8966,6.0452
569,-58144.799,-221745.77,-799171.9,4,1.755,0.0231,1,53.1368,44.2341,10.5664,6.5913
570,-85107.073,-174460.348,-721449.408,4,1.253,0.0266,1,99.5934,43.7388,7.3914,4.0894
571,-31789.273,-159184.929,-670110.734,4,1.909,0.0258,1,47.4218,42.4053,7.7089,4.7625
572,-29823.561,-147420.558,-629404.648,4,1.949,0.0243,1,47.4218,42.4053,7.7089,4.7625
573,-22766.859,-128175.045,-586913.594,4,2.007,0.0252,1,45.5168,41.8465,6.7564,4.2037
574,-21236.972,-117159.887,-546378.172,4,2.072,0.0235,1,45.5168,41.8465,6.7564,4.2037
575,-31641.044,-95376.408,-506961.19,4,1.321,0.0257,1,100.8126,45.2882,4.0005,2.1082
576,-28916.057,-76201.185,-384021.057,4,1.37,0.0253,1,99.2124,44.9834,3.2004,1.8034
577,-43762.113,-108294.274,-391304.771,4,1.45,0.0265,1,101.6,45.4914,4.3942,2.3114
578,-26687.136,-128071.933,-429323.549,4,2.156,0.0259,1,45.5168,41.8465,6.7564,4.2037
579,-79564.419,-166168.736,-522000.006,4,1.348,0.0265,1,99.5934,43.7388,7.3914,4.0894
580,-94115.548,-187360.591,-566295.559,4,1.328,0.0261,1,101.1936,44.196,8.2042,4.5466
581,-57809.84,-215411.347,-601121.621,4,1.917,0.0236,1,53.1368,44.2341,10.5664,6.5913
582,-130078.152,-258155.338,-621295.358,4,1.345,0.0262,1,106.6038,45.6946,10.8966,6.0452
583,-144691.436,-281435.985,-665922.352,4,1.327,0.0264,1,107.823,46.0502,11.5062,6.4008
584,-58133.115,-232285.291,-564984.735,4,2.049,0.0266,1,53.1368,44.2341,10.5664,6.5913
585,-55032.77,-214302.413,-523247.553,4,2.102,0.0249,1,53.1368,44.2341,10.5664,6.5913
586,-51934.055,-196323.258,-481511.405,4,2.145,0.0231,1,53.1368,44.2341,10.5664,6.5913
587,-76458.681,-168645.383,-444241.967,4,1.466,0.0252,1,101.1936,44.196,8.2042,4.5466
588,-35851.627,-204099.319,-680361.725,4,2.025,0.0251,1,53.1368,44.2341,10.5664,6.5913
589,-84575.945,-253942.436,-634622.886,4,1.151,0.0256,1,107.823,46.0502,11.5062,6.4008
590,-82274.844,-234042.807,-575499.468,4,1.158,0.0254,1,106.6038,45.6946,10.8966,6.0452
591,-41991.005,-210755.35,-562685.184,4,2.148,0.0259,1,53.1368,44.2341,10.5664,6.5913
592,-119622.583,-234710.692,-273974.53,4,1.321,0.0255,1,106.6038,45.6946,10.8966,6.0452
593,-138829.473,-288736.583,-268004.658,4,1.372,0.0291,1,107.823,46.0502,11.5062,6.4008
594,-74862.927,-264786.108,-197435.522,4,1.936,0.0258,1,56.9468,45.4406,12.4714,7.7978
595,-76582.802,-252305.847,-168722.544,4,1.947,0.0246,1,56.9468,45.4406,12.4714,7.7978
596,48440.111,212492.185,-203473.466,4,2.212,0.0253,1,53.1368,44.2341,10.5664,6.5913
597,45771.222,171205.635,-157249.072,4,2.226,0.0254,1,49.784,43.2054,8.89,5.5626
598,42827.481,147585.362,-133551.104,4,2.233,0.0263,1,47.4218,42.4053,7.7089,4.7625
599,-29915.567,107934.37,-134833.557,4,2.218,0.0265,1,101.6,45.4914,4.3942,2.3114
600,-30029.768,124546.199,-157323.867,4,2.231,0.0257,1,45.5168,41.8465,6.7564,4.2037
601,-37534.917,142366.136,-180939.63,4,2.213,0.0251,1,47.4218,42.4053,7.7089,4.7625
602,-46882.336,162074.351,-204892.704,4,2.196,0.0238,1,49.784,43.2054,8.89,5.5626
603,-64483.344,195891.158,-252309.571,4,2.166,0.023,1,53.1368,44.2341,10.5664,6.5913
604,-75392.196,219493.916,-298289.158,4,2.147,0.0258,1,53.1368,44.2341,10.5664,6.5913
605,-161314.531,250456.284,-354187.924,4,1.413,0.0263,1,106.6038,45.6946,10.8966,6.0452
606,-80909.644,205850.733,-334097.687,4,1.947,0.0238,1,53.1368,44.2341,10.5664,6.5913
607,76942.099,-12909.104,-108764.049,4,2.265,0.0256,1,37.5412,39.37,2.7686,1.7272
608,14458.872,-89897.534,-263438.049,5,2.256,0.0326,1,56.6928,30.4927,6.9596,3.8608
609,63910.142,222808.293,-663679.517,5,1,0.0311,0,53.1368,44.2341,10.5664,6.5913
610,11003.186,38559.906,-412113.024,5,1,0.0318,0,51.689,29.0957,4.445,2.4384
611,-449.075,2560.771,-52116.89,5,2.244,0.0123,1,20.32,20.3073,1.1049,0.7239
612,-5.52,1121.971,-52690.68,5,1.959,0.0099,1,20.32,20.3073,1.1049,0.7239
613,884.888,-4510.142,-173786.078,5,2.195,0.0162,1,25.9588,25.6032,1.7272,1.0668
614,-2489.674,-7367.913,-325390.354,5,2.184,0.0184,1,31.8262,30.7975,2.0574,1.3081
615,-5876.566,-10838.507,-453616.971,5,2.168,0.0232,1,48.895,28.3464,3.048,1.7018
616,2695.128,-13725.565,-296161.366,5,2.203,0.0214,1,32.7406,31.0388,2.5146,1.5494
617,3429.153,-25018.565,-357889.2,5,2.192,0.0228,1,37.2364,37.4015,2.6162,1.6383
618,-5921.782,-13200.243,-517085.013,5,2.164,0.0255,1,49.5046,28.4988,3.3528,1.8542
619,4515.9,-23499.951,-418497.458,5,2.208,0.0262,1,34.8234,31.6992,3.556,2.2098
620,9084.756,23229.595,-580058.255,5,1,0.0269,0,35.6362,31.9278,3.9624,2.4384
621,10176.857,28119.758,-643801.162,5,1,0.0289,0,36.5252,32.1818,4.4069,2.6924
622,4350.881,-40960.892,-480758.086,5,2.186,0.0265,1,38.6588,39.751,3.3274,2.1082
623,6180.158,-37241.501,-541197.509,5,2.208,0.0301,1,37.3634,32.4866,4.826,2.9972
624,18728.501,26151.974,-707340.345,5,1,0.0318,0,52.5018,29.3497,4.8514,2.6924
625,12149.659,-41059.687,-601914.903,5,2.204,0.0323,1,60.2996,32.4485,5.0546,2.794
626,4975.644,-67786.84,-665390.992,5,2.165,0.0311,1,41.6052,40.6273,4.8006,2.9845
627,45060.702,56031.377,-838010.909,5,1,0.033,0,75.2094,36.6903,5.3086,2.9464
628,63532.61,75837.809,-903600.103,5,1,0.0329,0,90.297,40.894,5.3086,2.9464
629,10825.505,-71930.379,-726188.455,5,2.033,0.0332,1,89.3064,40.6019,4.8006,2.6416
630,31763.662,96698.397,-967104.603,5,1,0.0326,0,45.5168,41.8465,6.7564,4.2037
631,1611.863,-98922.538,-789982.715,5,1.016,0.032,1,45.5168,41.8465,6.7564,4.2037
632,-481.357,-114211.692,-852244.868,5,1.803,0.0325,1,47.4218,42.4053,7.7089,4.7625
633,38912.606,113194.787,-1032044.44,5,1,0.0329,0,47.4218,42.4053,7.7089,4.7625
634,-36906.379,-142945.743,-1105189.57,5,2.147,0.0329,1,101.1936,44.196,8.2042,4.5466
635,-3231.523,-132612.502,-914889.543,5,1.909,0.0326,1,101.1936,44.196,8.2042,4.5466
636,-9046.88,-154704.268,-977965.248,5,2.196,0.0319,1,53.1368,44.2341,10.5664,6.5913
637,-38881.824,-171427.733,-1168644.72,5,2.195,0.0318,1,53.1368,44.2341,10.5664,6.5913
638,26881.294,26542.51,-1115517.53,5,1,0.0234,0,55.499,30.2006,6.35,3.556
639,5774.87,-50453.069,-959221.365,5,2.033,0.0208,1,42.5196,40.9194,5.2578,3.2766
640,5734.109,-56272.5,-1020086.4,5,1.928,0.0213,1,43.4848,41.2242,5.7404,3.5814
641,30125.695,31153.275,-1177714.12,5,1,0.0241,0,56.6928,30.4927,6.9596,3.8608
642,5462.651,-62691.171,-1081029.61,5,1.785,0.0217,1,44.5516,41.5544,6.2738,3.9116
643,6344.841,-64884.735,-1141419.23,5,1.88,0.0227,1,44.5516,41.5544,6.2738,3.9116
644,6188.236,-70932.306,-1202301.14,5,1.764,0.0232,1,45.5168,41.8465,6.7564,4.2037
645,34359.332,72485.129,-1365728.21,5,1,0.0224,0,46.4566,42.1386,7.2263,4.4958
646,6090.66,-76510.665,-1263136.7,5,1.673,0.0237,1,46.4566,42.1386,7.2263,4.4958
647,6863.533,-79374.03,-1323597.11,5,1.735,0.0246,1,46.4566,42.1386,7.2263,4.4958
648,7441.138,-85163.379,-1384252.71,5,1.707,0.0248,1,47.4218,42.4053,7.7089,4.7625
649,7951.65,-91054.427,-1444928.2,5,1.679,0.0249,1,48.3108,42.7609,8.1534,5.1181
650,19360.738,-79791.593,-1503362.09,5,1.873,0.0278,1,81.2038,38.3413,8.3058,4.5974
651,19973.446,-90451.743,-1564357.52,5,1.607,0.0272,1,94.8944,42.1386,7.5946,4.191
652,21352.737,-96446.209,-1624906.41,5,1.552,0.0273,1,99.5934,43.7388,7.3914,4.0894
653,22179.271,-100640,-1685438.07,5,1.593,0.0277,1,96.2914,42.545,8.3058,4.5974
654,24617.549,-102751.715,-1745580.63,5,1.656,0.0284,1,96.2914,42.545,8.3058,4.5974
655,25454.422,-110023.875,-1806297.41,5,1.575,0.0283,1,101.1936,44.196,8.2042,4.5466
656,14414.161,-125697.574,-1868688.95,5,1.724,0.0268,1,53.1368,44.2341,10.5664,6.5913
657,16140.226,-128240.057,-1928925.29,5,1.798,0.0275,1,53.1368,44.2341,10.5664,6.5913
658,17863.363,-130793.524,-1989162.58,5,1.861,0.0281,1,53.1368,44.2341,10.5664,6.5913
659,28516.733,-133909.845,-2048885.16,5,1.476,0.0287,1,104.6226,45.1485,9.906,5.4991
660,30839.745,-136452.345,-2109078.74,5,1.519,0.0293,1,104.6226,45.1485,9.906,5.4991
661,-1595.701,-20723.185,-456568.554,5,2.262,0.0191,1,34.8234,31.6992,3.556,2.2098
662,-1788.039,-32014.56,-497686.253,5,2.264,0.0203,1,36.5252,32.1818,4.4069,2.6924
663,-2521.213,-41553.162,-538660.892,5,2.247,0.022,1,66.0908,33.2994,4.3942,2.4384
664,-2861.234,-55966.673,-580016.709,5,2.209,0.0231,1,61.2902,32.7406,5.5626,3.0988
665,-3636.042,-78992.154,-622077.109,5,2.229,0.0234,1,41.4528,33.6169,6.8707,4.1275
666,-16041.589,-141898.293,-668653.283,5,2.249,0.0211,1,46.4566,42.1386,7.2263,4.4958
667,-34567.952,-250918.485,-799979.273,5,2.262,0.0217,1,53.1368,44.2341,10.5664,6.5913
668,-47235.665,-329351.244,-888160.061,5,2.27,0.0223,1,56.9468,45.4406,12.4714,7.7978
669,-57372.151,-346670.473,-870285.577,5,2.244,0.0232,1,107.823,46.0502,11.5062,6.4008
670,-1651.749,-10280.058,-194794.391,5,2.233,0.0163,1,31.115,30.5816,1.7018,1.0922
671,-1167.28,-13448.496,-235168.502,5,2.212,0.0183,1,28.194,26.2636,2.8448,1.7272
672,-2257.491,-28635.544,-276659.683,5,2.203,0.0194,1,34.0614,31.496,3.175,2.0066
673,-2625.29,-41369.595,-317840.663,5,2.19,0.0208,1,35.6362,31.9278,3.9624,2.4384
674,-4706.751,-62950.504,-359971.581,5,2.195,0.0216,1,38.227,32.7533,5.2578,3.2639
675,-6628.759,-84144.377,-401996.402,5,2.199,0.0225,1,40.259,33.3756,6.2738,3.8862
676,-9964.707,-110648.082,-444603.024,5,2.207,0.0231,1,42.7228,33.9979,7.5057,4.5085
677,-21794.839,-142069.996,-488364.919,5,2.204,0.0238,1,73.8886,35.4457,8.3058,4.5974
678,-33685.538,-192396.917,-533761.625,5,2.231,0.0232,1,82.6008,38.7477,8.9916,5.0038
679,-44860.3,-279600.936,-582566.599,5,2.249,0.0207,1,53.1368,44.2341,10.5664,6.5913
680,-57432.139,-338800.983,-629050.42,5,2.258,0.0204,1,56.9468,45.4406,12.4714,7.7978
681,-52408.089,-318124.863,-596609.843,5,2.253,0.0208,1,54.9656,44.831,11.4808,7.1882
682,-45745.071,-278320.976,-552448.959,5,2.248,0.0204,1,53.1368,44.2341,10.5664,6.5913
683,-4591.928,-61361.639,-369787.18,5,1.913,0.0236,1,54.5084,29.8958,5.842,3.2512
684,-4081.672,-57142.808,-329322.137,5,2.19,0.0214,1,37.3634,32.4866,4.826,2.9972
685,-3139.589,-51647.36,-316697.555,5,2.181,0.0215,1,36.5252,32.1818,4.4069,2.6924
686,-3262.864,-51564.218,-310692.084,5,2.182,0.0214,1,36.5252,32.1818,4.4069,2.6924
687,-78555.469,-197058.251,-338901.944,5,2.234,0.0329,1,99.5934,43.7388,7.3914,4.0894
688,-58657.535,-119419.836,-269702.368,5,2.214,0.0329,1,90.297,40.894,5.3086,2.9464
689,-17613.511,-57356.819,-220512.178,5,2.215,0.0332,1,37.3634,32.4866,4.826,2.9972
690,-6318.38,-19827.445,-175664.867,5,2.215,0.0324,1,28.8544,26.4541,3.175,1.9177
691,-88682.341,-169376.976,-202483.123,5,2.231,0.0329,1,49.784,43.2054,8.89,5.5626
692,-175137.284,-77100.917,-146337.79,5,2.194,0.0324,1,44.5516,41.5544,6.2738,3.9116
693,-174307.892,-78358.665,-158504.763,5,2.194,0.0329,1,44.5516,41.5544,6.2738,3.9116
694,-182971.78,-86117.196,-184088.459,5,2.193,0.0332,1,45.5168,41.8465,6.7564,4.2037
695,-200531.242,-98773.051,-210783.783,5,2.191,0.0328,1,47.4218,42.4053,7.7089,4.7625
696,-232952.829,-124736.257,-264025.818,5,2.188,0.0319,1,51.4096,43.688,9.7028,6.0452
697,-19933.648,-9332.042,-177415.848,5,2.208,0.0264,1,31.8262,30.7975,2.0574,1.3081
698,-19055.89,-10415.411,-180702.238,5,2.21,0.0333,1,28.194,26.2636,2.8448,1.7272
699,-10582.441,-4533.21,-94756.662,5,2.212,0.0295,1,25.6286,25.4762,1.5621,0.9398
700,-113567.379,-37064.976,-159011.279,5,2.197,0.0324,1,39.1414,33.0327,5.715,3.5433
701,-19252.2,-7018.639,-113456.411,5,2.208,0.0319,1,26.924,25.8826,2.2098,1.3462
702,-54495.259,-18220.367,-135009.687,5,2.203,0.0328,1,34.0614,31.496,3.175,2.0066
703,-240087.432,-88497.293,-226762.176,5,2.185,0.0302,1,47.4218,42.4053,7.7089,4.7625
704,-392687.105,-122922.217,-363221.122,5,2.106,0.0332,1,101.1936,44.196,8.2042,4.5466
705,-106656.3,-58328.051,-281649.536,5,2.196,0.0332,1,41.6052,40.6273,4.8006,2.9845
706,-155989.248,-80883.443,-298087.639,5,2.191,0.0313,1,45.5168,41.8465,6.7564,4.2037
707,-153506.616,-84665.4,-340567.553,5,2.191,0.0327,1,45.5168,41.8465,6.7564,4.2037
708,-185243.217,-96632.189,-354695.124,5,2.188,0.0324,1,47.4218,42.4053,7.7089,4.7625
709,-306820.795,-121529.376,-415164.622,5,2.145,0.033,1,101.1936,44.196,8.2042,4.5466
710,59887.649,172538.607,-569163.796,5,2.157,0.0323,1,53.1368,44.2341,10.5664,6.5913
711,-11740.955,34637.439,-504189.144,5,2.271,0.0308,1,37.3634,32.4866,4.826,2.9972
712,-22625.124,104135.831,-637201.094,5,2.249,0.0331,1,45.5168,41.8465,6.7564,4.2037
713,-48288.505,77566.433,-546689.356,5,2.243,0.0325,1,100.8126,45.2882,4.0005,2.1082
714,-34543.583,87349.104,-587266.71,5,2.211,0.0333,1,101.6,45.4914,4.3942,2.3114
715,32245.679,-67170.448,-490085.65,5,2.224,0.0317,1,41.6052,40.6273,4.8006,2.9845
716,104296.333,-92090.772,-534869.647,5,2.206,0.0329,1,101.6,45.4914,4.3942,2.3114
717,110396.119,-139036.007,-582737.974,5,2.195,0.0327,1,99.5934,43.7388,7.3914,4.0894
718,33110.609,-59096.774,-623625.165,5,2.22,0.0189,1,41.4528,33.6169,6.8707,4.1275
719,90711.865,-130915.205,-689249.267,5,2.197,0.0216,1,75.311,35.8521,8.9916,5.0038
720,45249.561,-324912.999,-869268.191,5,2.001,0.0195,1,56.9468,45.4406,12.4714,7.7978
721,-40.495,-2.734,-10278.65,4,2.266,0.0017,1,14.986,10.0076,0.5461,0.4318
722,-85.256,-5.952,-19112.92,4,2.267,0.0036,1,14.986,10.0076,0.5461,0.4318
723,-383.83,-34.652,-47919.798,4,2.26,0.0088,1,15.9512,10.2362,1.0287,0.6604
724,0,-1955.367,-260140.559,4,1,0.0084,1,30.9626,25.4254,1.6256,0.9144
725,0,-1815.686,-325215.705,4,1,0.0103,1,22.86,21.0312,2.3749,1.4478
726,0,-8824.836,-463988.23,4,1,0.0134,1,32.7406,31.0388,2.5146,1.5494
727,0,-16983.023,-602307.074,4,1,0.0163,1,34.8234,31.6992,3.556,2.2098
728,0,-24421.798,-738158.317,4,1,0.0193,1,36.5252,32.1818,4.4069,2.6924
729,0,-41678.975,-944585.803,4,1,0.0233,1,61.2902,32.7406,5.5626,3.0988
730,0,-57024.864,-1081416.01,4,1,0.0258,1,63.5,33.3502,6.6548,3.7084
731,0,-205652.092,-701921.091,4,1,0.0264,1,107.823,46.0502,11.5062,6.4008
732,0,-13598.957,-403553.443,4,1,0.024,1,28.8544,26.4541,3.175,1.9177
733,0,165462.67,-427722.2,4,1,0.0253,1,53.1368,44.2341,10.5664,6.5913
734,0,6457.065,-182323.282,4,1,0.0259,0,22.225,20.8788,2.0574,1.2954
735,0,-33788.794,-257735.367,4,1,0.0264,1,36.7792,37.2618,2.3876,1.4986
736,0,59852.281,-290588.95,4,1,0.0265,0,38.6588,39.751,3.3274,2.1082
737,0,68203.578,-303256.601,4,1,0.0267,0,39.3192,39.9034,3.6576,2.2606
738,0,82392.886,-317650.244,4,1,0.0265,0,99.2124,44.9834,3.2004,1.8034
739,0,92201.066,-330207.669,4,1,0.0267,0,41.6052,40.6273,4.8006,2.9845
740,0,-101084.701,-345770.315,4,1,0.0267,1,100.8126,45.2882,4.0005,2.1082
741,0,-126099.707,-361098.428,4,1,0.0262,1,45.5168,41.8465,6.7564,4.2037
742,0,131366.943,-370312.645,4,1,0.0265,0,45.5168,41.8465,6.7564,4.2037
743,0,-148606.568,-387017.184,4,1,0.0264,1,47.4218,42.4053,7.7089,4.7625
744,0,-157706.965,-400910.369,4,1,0.0265,1,99.5934,43.7388,7.3914,4.0894
745,0,-175056.356,-414647.795,4,1,0.0264,1,101.1936,44.196,8.2042,4.5466
746,0,-206736.305,-428494.449,4,1,0.0258,1,53.1368,44.2341,10.5664,6.5913
747,0,106691.604,-409476.958,4,1,0.0199,0,41.4528,33.6169,6.8707,4.1275
748,0,107915.998,-421054.194,4,1,0.0202,0,63.5,33.3502,6.6548,3.7084
749,0,151082.189,-438067.629,4,1,0.0194,0,44.5516,41.5544,6.2738,3.9116
750,0,163392.522,-451094.5,4,1,0.0194,0,45.5168,41.8465,6.7564,4.2037
751,0,164303.685,-498916.716,4,1,0.0198,0,45.5168,41.8465,6.7564,4.2037
752,0,176453.853,-511921.466,4,1,0.0199,0,46.4566,42.1386,7.2263,4.4958
753,0,204489.139,-543831.54,4,1,0.02,0,48.3108,42.7609,8.1534,5.1181
754,0,299355.076,-538879.423,4,1,0.0191,0,53.1368,44.2341,10.5664,6.5913
755,0,299917.718,-562919.776,4,1,0.0193,0,53.1368,44.2341,10.5664,6.5913
756,0,301044.447,-610998.551,4,1,0.0197,0,53.1368,44.2341,10.5664,6.5913
757,0,302173.03,-659074.845,4,1,0.0201,0,53.1368,44.2341,10.5664,6.5913
758,0,313707.729,-733072.823,4,1,0.0203,0,54.9656,44.831,11.4808,7.1882
759,0,315159.859,-793207.039,4,1,0.0207,0,54.9656,44.831,11.4808,7.1882
760,0,316614.569,-853337.978,4,1,0.0212,0,54.9656,44.831,11.4808,7.1882
761,0,318071.727,-913465.806,4,1,0.0217,0,54.9656,44.831,11.4808,7.1882
762,0,319531.211,-973590.68,4,1,0.0222,0,54.9656,44.831,11.4808,7.1882
763,0,330200.502,-1035612.37,4,1,0.0222,0,56.9468,45.4406,12.4714,7.7978
764,0,331692.954,-1095771.16,4,1,0.0227,0,56.9468,45.4406,12.4714,7.7978
765,0,332339.429,-1216909.1,4,1,0.0238,0,107.823,46.0502,11.5062,6.4008
766,0,369868.46,-1091383.59,4,1,0.0227,0,56.9468,45.4406,12.4714,7.7978
767,0,225369.998,-675860.955,4,1,0.0208,0,49.784,43.2054,8.89,5.5626
768,0,235250.934,-674303.438,4,1,0.021,0,49.784,43.2054,8.89,5.5626
769,0,254343.529,-674611.925,4,1,0.0205,0,51.4096,43.688,9.7028,6.0452
770,0,264630.793,-673115.512,4,1,0.0205,0,51.4096,43.688,9.7028,6.0452
771,-195.746,5.362,-122765.061,4,2.164,0.021,1,20.6248,20.3708,1.2573,0.7874
772,-28.192,-2068.89,-122550.312,4,2.145,0.021,1,20.6248,20.3708,1.2573,0.7874
773,-259.048,-2185.854,-122323.681,4,2.179,0.021,1,20.6248,20.3708,1.2573,0.7874
774,5413.364,3988.873,-122735.453,4,1,0.021,0,30.6324,20.4343,1.4605,0.8509
775,65610.734,22993.44,-121390.914,4,1,0.0205,0,77.9018,26.6192,2.9972,1.651
776,103785.402,41054.303,-119182.14,4,1,0.0201,0,110.0074,29.9974,3.5941,1.9939
777,96946.151,45663.566,-180425.949,4,1,0.0206,0,101.0006,30.2006,4,2.11
778,106412.511,45182.463,-208977.028,4,1,0.0209,0,110.7948,29.9974,4.0005,2.1971
779,105345.733,44213.35,-239761.976,4,1,0.0211,0,102.0013,30.2997,4.3899,2.4399
780,40052.812,16143.581,-242161.381,4,1,0.0219,0,70.1802,25.4254,2.794,1.5494
781,41117.733,15801.205,-212308.534,4,1,0.0216,0,76.6318,26.7081,2.3622,1.4859
782,17788.927,6510.87,-212271.056,4,1,0.0219,0,54.4322,21.2217,2.1209,1.3081
783,20201.145,6778.327,-211884.371,4,1,0.0219,0,54.4322,21.2217,2.1209,1.3081
784,30913.057,10453.493,-212073.968,4,1,0.0218,0,62.3062,22.86,2.4892,1.397
785,43139.014,16622.379,-212192.349,4,1,0.0216,0,70.1802,25.4254,2.794,1.5494
786,55190.326,21294.516,-211637.563,4,1,0.0214,0,77.9018,26.6192,2.9972,1.651
787,55722.283,41507.283,-214940.427,4,1,0.0209,0,57.7088,31.75,3.7592,2.1082
788,84356.54,33176.028,-210020.728,4,1,0.0212,0,108.9914,29.9974,3.0988,1.8034
789,95398.91,39518.223,-209591.637,4,1,0.021,0,110.0074,29.9974,3.5941,1.9939
790,106412.511,45182.463,-208977.028,4,1,0.0209,0,110.7948,29.9974,4.0005,2.1971
791,118028.192,51905.329,-208485.348,4,1,0.0208,0,111.8108,29.9974,4.4958,2.6035
792,114366.019,117873.167,-215104.113,4,1,0.0191,0,101.6,45.4914,4.3942,2.3114
793,-2174.056,3576.928,-102652.218,4,2.258,0.022,1,30.6324,20.4343,1.4605,0.8509
794,-1857.731,3662.109,-101164.548,4,2.213,0.022,1,30.6324,20.4343,1.4605,0.8509
795,-2084.199,3637.484,-105788.745,4,2.235,0.022,1,25.654,20.3708,1.5748,0.889
796,-2326.786,3547.395,-107294.661,4,2.223,0.022,1,25.654,20.3708,1.5748,0.889
797,-1973.37,3939.293,-109271.802,4,2.215,0.022,1,21.59,20.5994,1.7399,1.016
798,-2164.425,3837.766,-110791.587,4,2.209,0.022,1,21.59,20.5994,1.7399,1.016
799,-2546.533,3634.713,-113831.157,4,2.2,0.022,1,21.59,20.5994,1.7399,1.016
800,-2928.642,3431.66,-116870.727,4,2.195,0.022,1,21.59,20.5994,1.7399,1.016
801,10348.249,4639.189,-85470.097,4,2.171,0.0219,1,22.225,20.8788,2.0574,1.2954
802,13611.663,5993.307,-87991.297,4,2.171,0.0219,1,22.86,21.0312,2.3749,1.4478
803,24350.097,11955.313,-88449.222,4,2.167,0.0216,1,27.5336,26.0731,2.5146,1.5367
804,28745.235,14220.094,-89391.074,4,2.167,0.0215,1,28.194,26.2636,2.8448,1.7272
805,33345.37,16645.008,-90252.129,4,2.166,0.0214,1,28.8544,26.4541,3.175,1.9177
806,82927.477,14243.914,-89389.243,4,1.994,0.0215,1,76.6318,26.7081,2.3622,1.4859
807,84343.791,15459.373,-118667.04,4,1.965,0.0218,1,76.9874,26.7843,2.54,1.5621
808,89128.402,18814.745,-123918,4,1.894,0.0217,1,84.582,29.2989,2.4384,1.5367
809,87082.704,17708.354,-141967.778,4,1.918,0.022,1,77.9018,26.6192,2.9972,1.651
810,93586.406,22200.978,-164699.31,4,1.806,0.022,1,91.4654,30.48,2.5908,1.651
811,95947.023,21626.774,-188361.356,4,1.737,0.0223,1,98.0186,29.9974,2.6035,1.651
812,92696.138,23426.476,-200125.173,4,1.806,0.0224,1,85.9028,29.21,3.0988,1.7018
813,95832.524,25706.585,-211619.246,4,1.754,0.0224,1,92.2782,30.6705,2.9972,1.8415
814,90951.427,39731.045,-239584.939,4,1.898,0.0221,1,71.3994,35.6489,3.4036,1.905
815,96712.368,27756.852,-258747.93,4,1.717,0.0228,1,92.6846,30.7721,3.2004,1.9431
816,88471.098,38348.567,-269690.724,4,1.932,0.0225,1,65.3034,33.0454,3.9878,2.2098
817,97934.133,30053.008,-288160.852,4,1.686,0.023,1,93.1926,30.9372,3.4544,2.1082
818,93030.554,44356.862,-310151.729,4,1.847,0.0227,1,72.2122,35.8521,3.81,2.1082
819,98747.177,49641.145,-320949.671,4,1.745,0.0225,1,86.1822,40.1447,3.2385,1.9685
820,100936.67,53394.661,-344094.907,4,1.698,0.0226,1,91.186,41.8338,3.2004,1.9304
821,97321.302,50982.499,-368440.461,4,1.754,0.023,1,79.502,38.2397,3.81,2.1082
822,100112.252,53763.466,-379814.38,4,1.701,0.023,1,86.8172,40.2844,3.556,2.1082
823,103652.911,53909.307,-409332.503,4,1.583,0.0232,1,100.0252,40.005,3.6068,1.905
824,102672.833,59553.055,-432455.922,4,1.636,0.0232,1,92.1004,42.037,3.6576,2.1336
825,105326.263,66412.969,-472942.225,4,1.574,0.0232,1,99.9998,45.085,3.5941,1.905
826,110058.057,60807.342,-474874.975,4,1.54,0.0236,1,100.8126,40.2082,4.0005,2.1082
827,112949.848,66939.69,-475300.218,4,1.626,0.0235,1,88.4936,40.3987,4.3942,2.4384
828,127585.331,80754.824,-475080.578,4,1.567,0.023,1,100.8126,45.2882,4.0005,2.1082
829,124526.025,75851.401,-494018.868,4,1.611,0.0234,1,89.3064,40.6019,4.8006,2.6416
830,139501.321,90592.413,-493660.897,4,1.555,0.0229,1,101.6,45.4914,4.3942,2.3114
831,146983.824,90890.808,-496005.655,4,1.604,0.0232,1,90.297,40.894,5.3086,2.9464
832,153992.692,97991.714,-496077.063,4,1.595,0.0229,1,91.313,41.148,5.7912,3.2004
833,171684.897,109736.639,-497246.969,4,1.572,0.0228,1,96.012,42.7482,5.588,3.0988
834,176789.808,113998.433,-497813.602,4,1.588,0.0227,1,92.3036,41.4401,6.2992,3.5052
835,195131.319,127628.461,-498695.976,4,1.565,0.0225,1,97.1804,43.0911,6.1976,3.4544
836,205467.726,134788.954,-499792.981,4,1.58,0.0224,1,93.4974,41.7957,6.9088,3.8608
837,218760.149,146318.178,-499981.811,4,1.558,0.0222,1,98.3996,43.4467,6.8072,3.81
838,218223.821,148693.513,-559370.497,4,1.554,0.0226,1,94.8944,42.1386,7.5946,4.191
839,220150.043,155152.428,-653672.516,4,1.507,0.0232,1,99.5934,43.7388,7.3914,4.0894
840,219891.976,158470.933,-712993.661,4,1.504,0.0237,1,96.2914,42.545,8.3058,4.5974
841,232970.505,172538.175,-808211.72,4,1.461,0.0242,1,101.1936,44.196,8.2042,4.5466
842,243379.44,179928.863,-809256.163,4,1.476,0.0241,1,97.7138,42.9514,8.9916,5.0038
843,257164.742,193294.11,-809194.281,4,1.461,0.0238,1,102.7938,44.6405,8.9916,5.0038
844,259529.103,221943.056,-810703.229,4,1.496,0.0233,1,104.6226,45.1485,9.906,5.4991
845,261837.555,267067.056,-813496.649,4,1.569,0.0229,1,106.6038,45.6946,10.8966,6.0452
846,261334.044,272833.071,-1051370.36,4,1.499,0.0248,1,106.6038,45.6946,10.8966,6.0452
847,285016.363,293685.879,-1052255.19,4,1.5,0.0245,1,107.823,46.0502,11.5062,6.4008
848,313051.22,294136.972,-1052346.02,4,1.467,0.0245,1,107.823,46.0502,11.5062,6.4008
849,-190.952,-153.28,-15867.333,3,2.241,0.0014,1,15.3162,10.16,0.7112,0.5842
850,-106.933,-199.275,-18880.075,3,2.239,0.0015,1,10.5664,10.3124,0.8763,0.7112
851,-279.796,-479.686,-25485.348,3,2.237,0.0018,1,15.2146,15.2146,0.6604,0.5842
852,-322.91,-496.266,-43450.648,3,2.232,0.0024,1,13.081,12.7762,1.0922,0.6858
853,-1053.16,-924.287,-43510.388,3,2.208,0.0024,1,15.748,15.2908,0.9271,0.6604
854,-2646.774,-1474.471,-43455.534,3,2.199,0.0024,1,20.1422,16.4973,1.016,0.6223
855,-2342.964,-1573.156,-43600.685,3,2.199,0.0024,1,16.2052,15.4432,1.1557,0.8128
856,-4091.716,-2037.556,-43423.148,3,2.195,0.0023,1,20.4724,16.5989,1.1811,0.7239
857,-5550.948,-4075.568,-43616.727,3,2.19,0.0023,1,20.6248,20.3708,1.2573,0.7874
858,-8538.636,-4462.808,-43200.931,3,2.185,0.0022,1,25.1968,20.2819,1.3462,0.8001
859,-13441.695,-4524.278,-42351.646,3,2.174,0.0022,1,34.6964,20.3073,1.3462,0.7747
860,-15817.718,-3373.005,-45320.278,3,2.171,0.0023,1,40.9702,17.8689,1.4351,0.8763
861,-8378.707,-6124.997,-52585.419,3,2.186,0.0025,1,21.59,20.5994,1.7399,1.016
862,-17965.787,-4063.03,-55859.65,3,2.165,0.0026,1,45.6946,19.0373,1.4478,0.9017
863,-15212.922,-5688.289,-59072.836,3,2.172,0.0027,1,35.3568,20.4724,1.6764,0.9398
864,-19266.653,-4594.622,-61744.722,3,2.162,0.0028,1,45.9994,19.1262,1.6002,0.9906
865,-21390.069,-3250.076,-65918.648,3,2.158,0.003,1,53.4924,16.6497,1.651,1.0287
866,-20040.862,-5107.406,-70112.648,3,2.161,0.003,1,46.3296,19.1897,1.7653,1.0541
867,-20651.814,-5558.35,-76099.278,3,2.159,0.0032,1,46.609,19.2786,1.905,1.143
868,-22711.206,-6446.326,-86677.426,3,2.149,0.0034,1,53.6702,21.0058,1.7399,1.0922
869,-21622.754,-6171.793,-94071.036,3,2.159,0.0037,1,46.9138,19.3929,2.0574,1.2573
870,-23425.847,-7053.97,-99885.236,3,2.149,0.0038,1,53.9496,21.0693,1.8796,1.1557
871,-18847.597,-12744.086,-106590.077,3,2.158,0.0037,1,36.3474,25.7302,2.1717,1.2954
872,-24449.507,-8100.42,-116730.435,3,2.147,0.0042,1,54.4322,21.2217,2.1209,1.3081
873,-21533.357,-13852.244,-125522.275,3,2.148,0.0041,1,42.545,26.3271,2.2225,1.3335
874,-25361.098,-9200.654,-133609.325,3,2.145,0.0046,1,54.9148,21.3868,2.3622,1.4732
875,-26791.691,-10543.233,-145577.423,3,2.058,0.0048,1,61.7474,23.0251,2.2225,1.3081
876,-19307.021,-24197.342,-154229.334,3,2.107,0.0041,1,35.9664,36.9951,1.9812,1.2319
877,-27650.568,-11564.821,-166060.838,3,2.055,0.0053,1,62.3062,22.86,2.4892,1.397
878,-20194.937,-26100.754,-177266.382,3,2.085,0.0045,1,36.3728,37.0967,2.1844,1.3335
879,-27472.54,-21821.751,-202747.518,3,1.853,0.0054,1,61.6204,32.512,2.159,1.397
880,-21299.962,-28384.702,-212364.214,3,2.085,0.0051,1,36.7792,37.2618,2.3876,1.4986
881,-26291.262,-21841.043,-230735.242,3,2.064,0.0062,1,48.895,28.3464,3.048,1.7018
882,-22347.624,-30784.842,-248699.566,3,2.084,0.0057,1,37.2364,37.4015,2.6162,1.6383
883,-27340.258,-24212.167,-268277.258,3,2.071,0.0069,1,49.5046,28.4988,3.3528,1.8542
884,-23057.378,-34439.167,-281706.298,3,2.044,0.006,1,37.5412,39.37,2.7686,1.7272
885,-23692.48,-38588.339,-307845.27,3,2.01,0.0064,1,38.0492,39.5351,3.0226,1.8923
886,-24001.118,-39184.282,-324737.997,3,2.033,0.0067,1,38.0492,39.5351,3.0226,1.8923
887,-35527.153,-36756.588,-342213.009,3,1.595,0.0072,1,77.3176,38.0619,2.7051,1.6637
888,-29029.423,-42812.337,-362785.85,3,1.965,0.0072,1,38.6588,39.751,3.3274,2.1082
889,-39978.251,-40754.866,-384700.411,3,1.555,0.0078,1,77.9272,38.2016,3.0099,1.8034
890,-33002.151,-46898.373,-411431.41,3,1.925,0.0078,1,39.3192,39.9034,3.6576,2.2606
891,-36048.973,-51441.394,-411233.986,3,1.833,0.0076,1,39.9288,40.132,3.9624,2.4892
892,-52864.14,-52388.286,-419875.323,3,1.37,0.008,1,86.1822,40.1447,3.2385,1.9685
893,-54708.975,-55238.906,-432008.111,3,1.326,0.0079,1,91.186,41.8338,3.2004,1.9304
894,-43560.346,-59219.029,-447399.868,3,1.744,0.0079,1,40.7416,40.3606,4.3688,2.7178
895,-65014.337,-64319.654,-443559.599,3,1.225,0.0076,1,99.2124,44.9834,3.2004,1.8034
896,-49115.366,-68517.146,-446628.113,3,1.639,0.0077,1,41.6052,40.6273,4.8006,2.9845
897,-64995.13,-78712.743,-441244.742,3,1.156,0.0074,1,99.9998,45.085,3.5941,1.905
898,-48997.822,-84145.992,-444137.38,3,1.528,0.0074,1,42.5196,40.9194,5.2578,3.2766
899,-50227.148,-89063.56,-443362.133,3,1.508,0.0074,1,42.5196,40.9194,5.2578,3.2766
900,-70369.735,-93193.42,-439356.656,3,1.096,0.0071,1,100.8126,45.2882,4.0005,2.1082
901,-55538.654,-99009.207,-442730.499,3,1.433,0.0071,1,43.4848,41.2242,5.7404,3.5814
902,-93830.158,-97419.305,-438987.4,3,1.101,0.0072,1,94.2086,42.2402,4.699,2.5908
903,-116837.198,-100855.04,-439846.795,3,1.079,0.0069,1,101.6,45.4914,4.3942,2.3114
904,-148178.318,-97087.104,-440982.145,3,1.113,0.0071,1,90.297,40.894,5.3086,2.9464
905,-118938.133,-107912.626,-447736.174,3,1.373,0.0066,1,45.5168,41.8465,6.7564,4.2037
906,-149561.22,-107339.134,-467746.652,3,1.094,0.0073,1,91.313,41.148,5.7912,3.2004
907,-123247.631,-121147.985,-477761.849,3,1.398,0.0102,1,46.4566,42.1386,7.2263,4.4958
908,-152168.718,-124896.659,-471832.855,3,1.144,0.0123,1,92.3036,41.4401,6.2992,3.5052
909,-126845.214,-131333.655,-527502.822,3,1.41,0.0127,1,47.4218,42.4053,7.7089,4.7625
910,-154561.597,-132806.903,-553574.139,3,1.152,0.0139,1,97.1804,43.0911,6.1976,3.4544
911,-154391.718,-135693.632,-590383.963,3,1.166,0.0146,1,93.4974,41.7957,6.9088,3.8608
912,-156729.275,-149972.421,-593544.545,3,1.202,0.0182,1,98.3996,43.4467,6.8072,3.81
913,-156790.607,-154777.701,-646433.235,3,1.228,0.0196,1,94.8944,42.1386,7.5946,4.191
914,-254725.708,-228464.908,-620247.024,3,1.183,0.019,1,106.6038,45.6946,10.8966,6.0452
915,-4710.809,-8764.687,-137572.429,3,2.265,0.0096,1,25.9588,25.6032,1.7272,1.0668
916,-8255.492,-5065.406,-136570.939,3,2.228,0.0112,1,46.609,19.2786,1.905,1.143
917,-5274.416,-8319.572,-137784.687,3,2.266,0.0124,1,22.86,21.0312,2.3749,1.4478
918,-6610.759,-15083.45,-138930.844,3,2.256,0.0119,1,31.115,30.5816,1.7018,1.0922
919,-8907.508,-13410.975,-138497.677,3,2.214,0.0132,1,46.2534,28.0289,1.7272,1.0795
920,-8994.185,-14094.159,-138767.757,3,2.233,0.0146,1,36.3474,25.7302,2.1717,1.2954
921,-9880.596,-16382.672,-139254.531,3,2.203,0.015,1,46.7106,28.1686,1.9558,1.2192
922,-10538.646,-16520.607,-139337.253,3,2.211,0.0164,1,42.545,26.3271,2.2225,1.3335
923,-9044.435,-23626.395,-140951.791,3,2.233,0.0161,1,32.2834,30.8864,2.286,1.397
924,11947.974,28984.382,-142740.659,3,2.22,0.0156,1,35.9664,36.9951,1.9812,1.2319
925,20474.028,20788.42,-141403.639,3,2.187,0.0185,1,47.5742,28.448,2.3876,1.4986
926,13631.305,33809.39,-143730.757,3,2.212,0.017,1,36.3728,37.0967,2.1844,1.3335
927,14688.452,37336.233,-144418.644,3,2.205,0.0174,1,36.7792,37.2618,2.3876,1.4986
928,15424.473,38974.377,-144750.137,3,2.205,0.0183,1,36.7792,37.2618,2.3876,1.4986
929,16780.84,49646.172,-146486.121,3,2.191,0.0184,1,37.5412,39.37,2.7686,1.7272
930,19692.814,61592.788,-148358.714,3,2.177,0.0196,1,38.6588,39.751,3.3274,2.1082
931,33617.47,133132.48,-214642.972,3,1.966,0.0192,1,47.4218,42.4053,7.7089,4.7625
932,42784.561,225498.117,-278412.982,3,1.8,0.0184,1,56.9468,45.4406,12.4714,7.7978
933,23802.262,65115.811,-387459.441,3,2.173,0.0176,1,39.9288,40.132,3.9624,2.4892
934,63154.578,100175.837,-513067.567,3,1.773,0.019,1,101.6,45.4914,4.3942,2.3114
935,41460.698,133926.539,-573680.621,3,2.006,0.0193,1,47.4218,42.4053,7.7089,4.7625
936,72417.439,156501.329,-637356.551,3,1.726,0.0194,1,101.1936,44.196,8.2042,4.5466
937,51599.894,194305.679,-696840.137,3,1.876,0.0196,1,53.1368,44.2341,10.5664,6.5913
938,77936.176,219117.118,-760181.807,3,1.707,0.0197,1,106.6038,45.6946,10.8966,6.0452
939,82410.875,244180.78,-821417.936,3,1.704,0.0206,1,107.823,46.0502,11.5062,6.4008
940,-71.833,-0.001,15.795,6,2.587,0,1,14.986,10.0076,0.5461,0.4318
941,-2499.229,-0.091,-34.443,6,2.283,0,1,15.3162,10.16,0.7112,0.5842
942,-1754.738,-0.16,-57.207,6,2.289,0,1,10.5664,10.3124,0.8763,0.7112
943,-173837.104,2.884,-1062.54,6,2.27,0,1,75.7682,26.6065,1.9304,1.3843
944,-164745.877,2.787,-882.741,6,2.27,0,1,75.7682,26.6065,1.9304,1.3843
945,-1438.731,-0.051,-16.073,6,2.286,0,1,14.986,10.0076,0.5461,0.4318
946,-3074.397,-0.112,-47.592,6,2.281,0,1,15.3162,10.16,0.7112,0.5842
947,-2233.344,-0.205,-79.915,6,2.285,0,1,10.5664,10.3124,0.8763,0.7112
948,-2562.274,-0.233,-102.933,6,2.284,0,1,10.5664,10.3124,0.8763,0.7112
949,-2988.85,-0.263,-148.618,6,2.282,0,1,10.5664,10.3124,0.8763,0.7112
950,-194660.146,3.515,-1663.689,6,2.275,0,1,76.2254,26.6573,2.159,1.4351
951,-218997.73,4.914,-2931.995,6,2.276,0,1,84.0486,29.2354,2.1717,1.4732
952,-229954.68,4.931,-4314.304,6,2.27,0,1,84.0486,29.2354,2.1717,1.4732
953,-240924.307,5.486,-6078.368,6,2.266,0,1,90.297,30.353,2.0066,1.524
954,-254051.261,6.253,-4572.13,6,2.266,0,1,90.297,30.353,2.0066,1.524
955,-278274.343,6.175,-3587.878,6,2.266,0,1,97.028,29.9974,2.1082,1.6002
956,-302590.582,5.356,-1515.394,6,2.267,0,1,97.028,29.9974,2.1082,1.6002
957,-321174.33,7.222,-1696.343,6,2.267,0,1,91.4654,30.48,2.5908,1.651
958,-359839.403,9.622,-2075.524,6,2.267,0,1,92.2782,30.6705,2.9972,1.8415
959,-398649.53,23.059,-2376.011,6,2.267,0,1,97.028,44.9834,2.1082,1.8034
960,-437843.17,11.843,-2647.417,6,2.267,0,1,108.9914,29.9974,3.0988,1.8034
961,-475199.906,28.803,-3048.711,6,2.267,0,1,99.0092,40.005,3.0988,1.651
962,-514366.993,16.196,-3373.424,6,2.267,0,1,110.0074,29.9974,3.5941,1.9939
963,-551755.86,48.016,-3821.623,6,2.267,0,1,99.2124,44.9834,3.2004,1.8034
964,-590851.387,20.684,-4123.875,6,2.267,0,1,110.7948,29.9974,4.0005,2.1971
965,-628228.888,61.368,-4600.463,6,2.267,0,1,99.9998,45.085,3.5941,1.905
966,-667827.353,26.288,-5048.44,6,2.267,0,1,111.8108,29.9974,4.4958,2.6035
967,-704991.076,77.3,-5474.191,6,2.267,0,1,100.8126,45.2882,4.0005,2.1082
968,-724784.638,66.544,-5876.157,6,2.267,0,1,102.0064,40.3987,4.5974,2.54
969,-743727.646,68.28,-6033.924,6,2.267,0,1,102.0064,40.3987,4.5974,2.54
970,-762783.066,92.581,-6226.066,6,2.267,0,1,101.6,45.4914,4.3942,2.3114
971,-792248.565,81.735,-6773.14,6,2.267,0,1,102.997,40.6908,5.1054,2.8448
972,-858368.907,109.008,-7648.914,6,2.267,0,1,96.012,42.7482,5.588,3.0988
973,-869078.592,99.332,-7757.965,6,2.267,0,1,104.013,40.9448,5.588,3.0988
974,-936491.625,118.534,-8739.172,6,2.267,0,1,105.0036,41.2496,6.096,3.4036
975,-955499.126,120.938,-8920.315,6,2.267,0,1,105.0036,41.2496,6.096,3.4036
976,-1042031.75,147.384,-10109.515,6,2.267,0,1,106.1974,41.5544,6.7056,3.7084
977,-22154.53,0.102,-1529.737,6,2.434,0,1,31.3436,16.5608,1.1176,0.6604
978,-24980.799,0.121,-1997.107,6,2.361,0,1,35.5092,17.1323,1.1557,0.7239
979,-30573.998,0.245,-3190.895,6,2.333,0,1,35.814,17.1958,1.3081,0.7874
980,-34556.737,0.232,-3660.562,6,2.287,0,1,40.6654,17.7673,1.2827,0.7747
981,-39662.845,0.315,-4824.855,6,2.274,0,1,40.9702,17.8689,1.4351,0.8763
982,-47072.664,0.343,-6062.668,6,2.243,0,1,45.6946,19.0373,1.4478,0.9017
983,-53525.338,0.437,-7582.675,6,2.242,0,1,45.9994,19.1262,1.6002,0.9906
984,-59837.607,0.533,-9134.398,6,2.246,0,1,46.3296,19.1897,1.7653,1.0541
985,-67996.832,0.443,-10275.187,6,2.244,0,1,53.3146,20.9296,1.5621,1.016
986,-77025.788,0.549,-12621.617,6,2.291,0,1,53.6702,21.0058,1.7399,1.0922
987,-87246.776,0.428,-14168.022,6,2.37,0,1,60.2742,22.7711,1.4859,1.0541
988,-92627.868,0.509,-16246.929,6,2.424,0,1,60.7568,22.8346,1.7272,1.1176
989,-105637.227,0.613,-20260.545,6,2.604,0,1,61.214,22.9108,1.9558,1.1938
990,-121394.658,0.259,-23347.734,6,2.505,0,1,67.8434,25.2984,1.6256,1.1684
991,-129723.476,0.008,-25447.804,6,2.476,0,1,75.0062,26.416,1.5494,1.1938
992,-144246.872,0.202,-30382.909,6,2.438,0,1,75.311,26.543,1.7018,1.3208
993,-159451.294,0.452,-35603.477,6,2.407,0,1,75.7682,26.6065,1.9304,1.3843
994,-175499.455,0.825,-41258.896,6,2.38,0,1,76.2254,26.6573,2.159,1.4351
995,-193845.704,0.599,-45455.336,6,2.354,0,1,83.4644,29.1592,1.8796,1.397
996,-209536.745,1.469,-52363.096,6,2.336,0,1,84.0486,29.2354,2.1717,1.4732
997,-15496.893,-0.075,-402.84,6,2.052,0,1,31.0388,16.4846,0.9652,0.5842
998,-31988.533,2.974,-1636.157,5,2.506,0,1,40.2844,17.7419,1.0922,0.7493
999,-32583.55,2.956,-1920.012,5,2.502,0,1,40.2844,17.7419,1.0922,0.7493
1000,-35985.047,2.285,-2546.311,5,2.45,0,1,45.466,15.2781,1.3335,0.8001
1001,-36929.567,2.266,-2941.695,5,2.447,0,1,45.466,15.2781,1.3335,0.8001
1002,-45716.127,2.383,-4989.163,5,2.401,0,1,52.4764,16.51,1.143,0.889
1003,-41688.548,3.733,-5764.002,5,2.429,0,1,40.9702,17.8689,1.4351,0.8763
1004,-52454.483,2.87,-6943.921,5,2.38,0,1,52.9082,16.5862,1.3589,0.9652
1005,-53569.53,2.893,-7346.333,5,2.377,0,1,52.9082,16.5862,1.3589,0.9652
1006,-65655.737,3.351,-9689.367,5,2.399,0,1,59.8678,17.7927,1.2827,1.0033
1007,-56302.468,4.983,-10423.644,5,2.391,0,1,45.9994,19.1262,1.6002,0.9906
1008,-60010.262,5.473,-11799.644,5,2.395,0,1,46.3296,19.1897,1.7653,1.0541
1009,-65850.471,5.766,-14430.539,5,2.41,0,1,46.609,19.2786,1.905,1.143
1010,-63926.406,12.025,-15925.71,5,2.41,0,1,41.4782,25.9969,1.6891,1.0033
1011,-53957.5,18.059,-18611.115,5,2.417,0,1,31.115,30.5816,1.7018,1.0922
1012,-74965.105,12.789,-21439.365,5,2.437,0,1,41.9608,26.1493,1.9304,1.1557
1013,-59230.606,18.584,-22556.85,5,2.419,0,1,31.4452,30.6832,1.8669,1.1938
1014,-93024.851,15.434,-25963.815,5,2.494,0,1,46.7106,28.1686,1.9558,1.2192
1015,-65466.594,18.971,-27091.132,5,2.426,0,1,31.8262,30.7975,2.0574,1.3081
1016,-71169.068,19.818,-30728.581,5,2.433,0,1,32.2834,30.8864,2.286,1.397
1017,-86139.189,27.33,-34615.557,5,2.466,0,1,35.9664,36.9951,1.9812,1.2319
1018,-65022.243,13.163,-35256.532,5,2.432,0,1,28.194,26.2636,2.8448,1.7272
1019,-81614.001,18.278,-38535.102,5,2.454,0,1,32.7406,31.0388,2.5146,1.5494
1020,-72363.998,12.814,-41122.371,5,2.439,0,1,28.8544,26.4541,3.175,1.9177
1021,-113508.918,24.327,-49873.438,5,2.544,0,1,37.2364,37.4015,2.6162,1.6383
1022,-105460.787,13.251,-53627.413,5,2.511,0,1,34.0614,31.496,3.175,2.0066
1023,-118150.638,9.394,-60459.462,5,2.546,0,1,34.8234,31.6992,3.556,2.2098
1024,-134411.777,1.333,-68820.907,5,2.593,0,1,35.6362,31.9278,3.9624,2.4384
1025,-152705.689,-10.896,-77725.06,5,2.634,0,1,36.5252,32.1818,4.4069,2.6924
1026,-171011.355,-25.194,-85982.422,5,2.578,0,1,37.3634,32.4866,4.826,2.9972
1027,-191498.308,-43.513,-94087.884,5,2.528,0,1,38.227,32.7533,5.2578,3.2639
1028,-211547.912,-62.762,-98899.223,5,2.488,0,1,39.1414,33.0327,5.715,3.5433
1029,-236351.485,-86.952,-104381.54,5,2.449,0,1,40.259,33.3756,6.2738,3.8862
1030,-267379.968,-121.174,-108938.492,5,2.409,0,1,41.4528,33.6169,6.8707,4.1275
1031,-298850.663,-155.313,-114369.991,5,2.377,0,1,42.7228,33.9979,7.5057,4.5085
1032,-366604.192,-276.397,-120426.152,5,2.325,0,1,45.5168,41.8465,6.7564,4.2037
1033,-402161.069,-331.078,-124099.035,5,2.305,0,1,46.4566,42.1386,7.2263,4.4958
1034,-438003.931,-384.856,-127616.376,5,2.288,0,1,47.4218,42.4053,7.7089,4.7625
1035,-473138.217,-445.807,-134454.636,5,2.275,0,1,48.3108,42.7609,8.1534,5.1181
1036,-524316.415,-524.538,-142582.484,5,2.257,0,1,49.784,43.2054,8.89,5.5626
1037,-590811.441,-642.649,-152850.218,5,2.24,0,1,51.4096,43.688,9.7028,6.0452
1038,-1369814.67,-175.262,-173424.624,5,1.862,0,1,109.1946,42.3926,8.2042,4.5466
1039,-1390500.57,-329.746,-183177.572,5,1.864,0,1,102.7938,44.6405,8.9916,5.0038
1040,-1506045.18,-415.67,-192020.695,5,1.852,0,1,110.7948,42.8498,8.9916,5.0038
1041,-1589161.29,-841.742,-200356.34,5,1.852,0,1,104.6226,45.1485,9.906,5.4991
1042,-1696137.22,-993.033,-206577.956,5,1.838,0,1,106.6038,45.6946,10.8966,6.0452
1043,-1851505.78,-1171.179,-208514.472,5,1.824,0,1,107.823,46.0502,11.5062,6.4008
1044,-19928.395,-0.189,994.827,15,2.414,0,1,30.6324,20.4343,1.4605,0.8509
1045,-20613.084,-0.443,1012.349,15,2.455,0,1,25.654,20.3708,1.5748,0.889
1046,-23510.619,-1.791,1087.253,15,2.613,0,1,21.59,20.5994,1.7399,1.016
1047,-28479.205,-3.997,1128.776,15,2.6,0,1,25.3492,25.4,1.4224,0.8636
1048,-32363.574,-5.593,1249.237,15,2.558,0,1,25.6286,25.4762,1.5621,0.9398
1049,-37192.253,-7.63,1400.312,15,2.52,0,1,25.9588,25.6032,1.7272,1.0668
1050,-35494.893,-6.443,1566.612,15,2.536,0,1,22.86,21.0312,2.3749,1.4478
1051,-43982.554,-10.502,1598.341,15,2.481,0,1,26.416,25.7302,1.9558,1.1938
1052,-49915.311,-12.937,1795.954,15,2.458,0,1,26.924,25.8826,2.2098,1.3462
1053,-56700.733,-15.624,2033.736,15,2.437,0,1,27.5336,26.0731,2.5146,1.5367
1054,-66223.948,-19.46,2289.005,15,2.415,0,1,28.194,26.2636,2.8448,1.7272
1055,-75021.804,-22.954,2529.292,15,2.4,0,1,28.8544,26.4541,3.175,1.9177
1056,-247257.026,-92.287,5081.51,15,2.319,0,1,40.259,33.3756,6.2738,3.8862
1057,-482666.193,-247.174,6822.327,15,2.3,0,1,48.3108,42.7609,8.1534,5.1181
1058,-220538.646,8.859,-903.457,15,2.365,0,1,39.1414,33.0327,5.715,3.5433
1059,-541955.147,-10.521,-3016.679,15,2.364,0,1,49.784,43.2054,8.89,5.5626
1060,-607675.462,-17.557,-3963.804,15,2.37,0,1,51.4096,43.688,9.7028,6.0452
1061,-677795.241,-27.369,-4955.675,15,2.377,0,1,53.1368,44.2341,10.5664,6.5913
1062,-59706.796,0.373,-190.164,9,2.309,0,1,41.4782,25.9969,1.6891,1.0033
1063,-71751.045,2.545,-202.934,9,2.444,0,1,46.2534,28.0289,1.7272,1.0795
1064,-84051.401,5.371,-198.081,9,2.418,0,1,46.2534,28.0289,1.7272,1.0795
1065,-89527.429,6.748,-222.982,9,2.39,0,1,46.7106,28.1686,1.9558,1.2192
1066,-118538.427,5.863,-248.931,9,2.257,0,1,68.3768,25.3746,1.8923,1.2446
1067,-105354.021,11.007,-248.431,9,2.355,0,1,47.2186,28.3083,2.2098,1.3589
1068,-123302.696,15.454,-263.508,9,2.303,0,1,54.2544,31.2166,2.032,1.27
1069,-143534.235,18.71,-275.44,9,2.267,0,1,61.1124,32.385,1.905,1.27
1070,-164906.618,12.651,-306.344,9,2.232,0,1,69.3166,25.5778,2.3622,1.4478
1071,-163987.859,25.211,-311.778,9,2.251,0,1,61.6204,32.512,2.159,1.397
1072,-189965.443,16.069,-340.004,9,2.202,0,1,76.6318,26.7081,2.3622,1.4859
1073,-193760.55,17.72,-350.993,9,2.219,0,1,70.1802,25.4254,2.794,1.5494
1075,-243367.308,25.231,-387.982,9,2.173,0,1,90.297,30.353,2.0066,1.524
1076,-247933.764,28.743,-405.855,9,2.18,0,1,84.582,29.2989,2.4384,1.5367
1077,-280122.929,35.254,-437.899,9,2.168,0,1,91.059,30.4165,2.3876,1.5875
1078,-310309.403,44.089,-447.367,9,2.168,0,1,91.4654,30.48,2.5908,1.651
1079,-335473.592,46.194,-446.076,9,2.155,0,1,98.0186,29.9974,2.6035,1.651
1080,-355049.696,64.307,-426.616,9,2.159,0,1,92.2782,30.6705,2.9972,1.8415
1081,-370536.669,72.384,-358.788,9,2.158,0,1,92.2782,30.6705,2.9972,1.8415
1082,-385747.476,171.324,-345.169,9,2.141,0,1,97.028,44.9834,2.1082,1.8034
1083,-413152.409,135.618,-458.612,9,2.113,0,1,108.9914,29.9974,3.0988,1.8034
1084,-460027.869,361.587,-581.533,9,2.127,0,1,99.0092,40.005,3.0988,1.651
1085,-513896.259,198.938,-760.43,9,2.132,0,1,110.0074,29.9974,3.5941,1.9939
1086,-517107.671,238.289,-592.534,9,2.166,0,1,101.0006,30.2006,4,2.11
1087,-549133.305,636.471,-887.383,9,2.14,0,1,99.2124,44.9834,3.2004,1.8034
1088,-578751.331,249.845,-1005.444,9,2.141,0,1,110.7948,29.9974,4.0005,2.1971
1089,-602005.934,786.122,-1122.512,9,2.145,0,1,99.9998,45.085,3.5941,1.905
1090,-640043.853,662.057,-1246.508,9,2.151,0,1,100.8126,40.2082,4.0005,2.1082
1091,-670505.798,326.389,-1398.184,9,2.15,0,1,111.8108,29.9974,4.4958,2.6035
1092,-692827.915,1022.267,-1493.404,9,2.154,0,1,100.8126,45.2882,4.0005,2.1082
1093,-720947.752,871.129,-1686.312,9,2.156,0,1,102.0064,40.3987,4.5974,2.54
1094,-765396.731,1256.428,-1841.621,9,2.16,0,1,101.6,45.4914,4.3942,2.3114
1095,-794603.629,1083.272,-2086.963,9,2.161,0,1,102.997,40.6908,5.1054,2.8448
1096,-849092.942,1473.088,-2345.628,9,2.169,0,1,96.012,42.7482,5.588,3.0988
1097,-874204.663,1328.033,-2513.278,9,2.166,0,1,104.013,40.9448,5.588,3.0988
1098,-935358.472,1582.223,-2933.467,9,2.169,0,1,105.0036,41.2496,6.096,3.4036
1099,-1035170.37,1971.36,-3510.246,9,2.175,0,1,106.1974,41.5544,6.7056,3.7084
1100,-1136085.1,2780.169,-4079.399,9,2.183,0,1,99.5934,43.7388,7.3914,4.0894
1101,-96831.444,6.081,-4362.675,15,1.925,0,1,36.3728,37.0967,2.1844,1.3335
1102,-93862.349,5.536,-4232.252,15,1.888,0,1,36.3728,37.0967,2.1844,1.3335
1103,-88517.978,4.556,-3997.491,15,1.819,0,1,36.3728,37.0967,2.1844,1.3335
1104,-100511.827,5.003,-4546.123,15,1.93,0,1,36.7792,37.2618,2.3876,1.4986
1105,-111951.862,1.802,-4414.579,15,1.842,0,1,48.895,28.3464,3.048,1.7018
1106,-145395.881,-0.166,-4586.715,15,2.063,0,1,49.5046,28.4988,3.3528,1.8542
1107,-153517.967,-2.803,-3988.973,15,1.814,0,1,50.0888,28.702,3.6576,2.0574
1108,-186287.021,-9.455,-2888.57,15,1.747,0,1,57.0992,31.5468,3.4544,1.905
1109,-195564.515,-15.161,-1913.445,15,1.629,0,1,77.3176,38.0619,2.7051,1.6637
1110,-213495.879,-13.197,-2933.053,15,1.778,0,1,57.7088,31.75,3.7592,2.1082
1111,-236587.979,-22.177,-1900.961,15,1.708,0,1,77.9272,38.2016,3.0099,1.8034
1112,-255362.2,-28.421,-1382.601,15,1.696,0,1,97.028,44.9834,2.1082,1.8034
1113,-328953.939,-28.982,-1055.093,15,2.023,0,1,78.5876,38.3667,3.3401,1.9685
1114,-406022.836,-31.139,-121.26,15,2.264,0,1,99.0092,40.005,3.0988,1.651
1115,-492714.405,-39.733,531.183,15,2.528,0,1,98.2218,44.9834,2.7051,1.8034
1116,-522514.06,-47.031,705.232,15,2.602,0,1,99.2124,44.9834,3.2004,1.8034
1117,-590870.063,-53.548,1138.127,15,2.642,0,1,99.9998,45.085,3.5941,1.905
1118,-646760.075,-42.718,1521.053,15,2.585,0,1,100.8126,40.2082,4.0005,2.1082
1119,-670515.761,-44.751,1666.11,15,2.567,0,1,101.1936,40.1955,4.191,2.3622
1120,-629690.394,-148.443,-1121.692,15,1.962,0,1,100.8126,45.2882,4.0005,2.1082
1121,-731773.296,-142.029,-1129.07,15,1.996,0,1,102.0064,40.3987,4.5974,2.54
1122,-761024.904,-200.942,-1086.557,15,2.004,0,1,101.6,45.4914,4.3942,2.3114
1123,-805441.343,-176.978,-1077.347,15,2.013,0,1,102.997,40.6908,5.1054,2.8448
1124,-864588.158,-212.01,-1032.562,15,2.024,0,1,104.013,40.9448,5.588,3.0988
1125,-953100.625,-261.136,-993.625,15,2.04,0,1,105.0036,41.2496,6.096,3.4036
1126,-1041865,-321.885,-937.968,15,2.053,0,1,106.1974,41.5544,6.7056,3.7084
1127,-1144246.36,-454.29,-1039.354,15,2.069,0,1,99.5934,43.7388,7.3914,4.0894
1128,-1204188.38,-422.012,-889.511,15,2.076,0,1,107.5436,41.9354,7.3914,4.0894
1129,-1292202.57,-586.772,-973.303,15,2.086,0,1,101.1936,44.196,8.2042,4.5466
1130,-1367024.77,-548.412,-826.588,15,2.093,0,1,109.1946,42.3926,8.2042,4.5466
1131,-1440350.18,-740.53,-911.579,15,2.099,0,1,102.7938,44.6405,8.9916,5.0038
1132,-1515308.11,-689.293,-772.424,15,2.106,0,1,110.7948,42.8498,8.9916,5.0038
1133,-1610881.43,-942.463,-847.906,15,2.112,0,1,104.6226,45.1485,9.906,5.4991
1134,-1686031.91,-1123.654,-782.242,15,2.115,0,1,106.6038,45.6946,10.8966,6.0452
1135,-1879100.02,-1354.374,-853.819,15,2.127,0,1,107.823,46.0502,11.5062,6.4008
1136,-442.098,0.0004363,12.343,15,2.585,0,1,14.986,10.0076,0.5461,0.4318
1137,-1145.717,-0.029,-599.512,15,2.356,0,1,15.3162,10.16,0.7112,0.5842
1138,-850.321,-0.046,-864.548,15,2.42,0,1,10.5664,10.3124,0.8763,0.7112
1139,-1739.475,-0.337,-2887.347,15,2.3,0,1,12.7254,12.7,0.9144,0.6096
1140,-17379.609,-4.921,-15659.836,15,2.174,0,1,21.59,20.5994,1.7399,1.016
1141,-351747.744,159.653,84124.174,15,2.297,0,1,78.5876,38.3667,3.3401,1.9685
1142,-136894.277,92.611,58796.691,15,2.343,0,1,35.6362,31.9278,3.9624,2.4384
1143,-23039.71,-6.64,-20886.539,15,2.169,0,1,22.225,20.8788,2.0574,1.2954
1144,-48851.966,28.819,29196.019,15,2.367,0,1,26.924,25.8826,2.2098,1.3462
1145,-64975.595,38.614,37352.171,15,2.365,0,1,28.194,26.2636,2.8448,1.7272
1146,-152831.926,106.552,65582.503,15,2.343,0,1,36.5252,32.1818,4.4069,2.6924
1147,-312735.17,130.246,70560.728,15,2.298,0,1,77.9272,38.2016,3.0099,1.8034
1148,-309980.468,124.137,74201.877,15,2.299,0,1,71.3994,35.6489,3.4036,1.905
1149,-352681.295,155.469,79367.57,15,2.295,0,1,85.5472,39.9923,2.921,1.8161
1150,-351747.744,159.653,84124.174,15,2.297,0,1,78.5876,38.3667,3.3401,1.9685
1151,-416030.973,225.158,94909.909,15,2.293,0,1,98.2218,44.9834,2.7051,1.8034
1152,-491778.39,308.07,120122.224,15,2.29,0,1,99.2124,44.9834,3.2004,1.8034
1153,-564909.681,390.895,146849.818,15,2.289,0,1,99.9998,45.085,3.5941,1.905
1154,-637104.135,358.612,177184.168,15,2.288,0,1,101.1936,40.1955,4.191,2.3622
1155,-678275.808,415.937,197693.046,15,2.289,0,1,102.0064,40.3987,4.5974,2.54
1156,-755193.484,508.176,233476.539,15,2.289,0,1,102.997,40.6908,5.1054,2.8448
1157,-807694.136,679.232,264365.567,15,2.29,0,1,96.012,42.7482,5.588,3.0988
1158,-885238.664,701.545,301814.41,15,2.291,0,1,105.0036,41.2496,6.096,3.4036
1159,-1009222.06,879.656,360634.426,15,2.289,0,1,106.1974,41.5544,6.7056,3.7084
1160,-1088238.84,1186.398,410642.145,15,2.29,0,1,99.5934,43.7388,7.3914,4.0894
1161,-1783992.68,112.978,-650971.859,15,2.206,0,1,107.823,46.0502,11.5062,6.4008
1162,-1534939.83,-6.629,-533096.699,15,2.207,0,1,104.6226,45.1485,9.906,5.4991
1163,-1309217.97,-70.205,-419658.693,15,2.206,0,1,109.1946,42.3926,8.2042,4.5466
1164,-1058528.69,-85.089,-329205.153,15,2.211,0,1,99.5934,43.7388,7.3914,4.0894
1165,-945473.591,-85.434,-269169.116,15,2.209,0,1,105.0036,41.2496,6.096,3.4036
1166,-831739.82,-80.357,-226355.908,15,2.21,0,1,104.013,40.9448,5.588,3.0988
1167,-701491.488,-72.253,-176109.912,15,2.21,0,1,102.0064,40.3987,4.5974,2.54
1168,-583356.86,-79.467,-133530.439,15,2.21,0,1,99.9998,45.085,3.5941,1.905
1169,-62508.067,-18.093,-56502.771,15,2.316,0,1,28.8544,26.4541,3.175,1.9177
1170,-25729.558,-8.595,-26871.424,15,2.339,0,1,25.6286,25.4762,1.5621,0.9398
1171,-12209.427,-3.903,-18552.337,15,2.432,0,1,20.955,20.4978,1.4224,0.9144
1172,-2425.878,0.218,185.754,4,2.598,0,1,14.986,10.0076,0.5461,0.4318
1173,-4070.974,0.154,126.316,4,2.466,0,1,15.3162,10.16,0.7112,0.5842
1174,-3020.915,0.133,89.435,4,2.504,0,1,10.5664,10.3124,0.8763,0.7112
1175,-5721.611,0.138,55.428,4,2.412,0,1,13.081,12.7762,1.0922,0.6858
1176,-27762.741,0.33,206.971,4,2.363,0,1,40.3352,14.0335,1.1176,0.6985
1177,-32144.585,0.327,206.749,4,2.348,0,1,44.958,15.24,1.0795,0.762
1178,-37188.757,0.234,166.461,4,2.336,0,1,45.466,15.2781,1.3335,0.8001
1179,-39833.098,0.132,118.999,4,2.332,0,1,45.466,15.2781,1.3335,0.8001
1180,-46523.907,-0.025,69.396,4,2.321,0,1,52.4764,16.51,1.143,0.889
1181,-51735.809,-0.209,7.963,4,2.315,0,1,52.9082,16.5862,1.3589,0.9652
1182,-63391.269,-0.658,-147.741,4,2.306,0,1,59.8678,17.7927,1.2827,1.0033
1183,-74803.923,-1.205,-335.332,4,2.301,0,1,60.2996,17.8816,1.4986,1.0922
1184,-80406.119,-2.609,-467.368,4,2.3,0,1,53.6702,21.0058,1.7399,1.0922
1185,-88523.441,-3.311,-564.352,4,2.297,0,1,60.2742,22.7711,1.4859,1.0541
1186,-95904.823,-4.143,-697.917,4,2.295,0,1,60.7568,22.8346,1.7272,1.1176
1187,-107117.956,-5.518,-954.989,4,2.294,0,1,61.214,22.9108,1.9558,1.1938
1188,-118233.369,-7.815,-1256.935,4,2.294,0,1,67.8434,25.2984,1.6256,1.1684
1189,-130498.295,23.47,2543.952,4,2.274,0,1,75.0062,26.416,1.5494,1.1938
1190,-147598.145,51.434,6805.687,4,2.26,0,1,75.311,26.543,1.7018,1.3208
1191,-165883.555,86.264,11452.883,4,2.277,0,1,75.7682,26.6065,1.9304,1.3843
1192,-180210.663,101.348,12851.863,4,2.276,0,1,76.2254,26.6573,2.159,1.4351
1193,-200816.069,127.001,14327.942,4,2.275,0,1,83.4644,29.1592,1.8796,1.397
1194,-221306.665,155.128,16440.332,4,2.274,0,1,84.0486,29.2354,2.1717,1.4732
1195,-241904.882,171.372,18188.171,4,2.273,0,1,90.297,30.353,2.0066,1.524
1196,-264715.244,181.191,20647.096,4,2.273,0,1,97.028,29.9974,2.1082,1.6002
1197,-313159.389,266.205,25124.402,4,2.272,0,1,91.4654,30.48,2.5908,1.651
1198,-323738.793,257.687,26347.063,4,2.272,0,1,98.0186,29.9974,2.6035,1.651
1199,-358104.122,333.393,30078.408,4,2.271,0,1,92.2782,30.6705,2.9972,1.8415
1200,-378786.313,738.76,31804.596,4,2.271,0,1,97.028,44.9834,2.1082,1.8034
1201,-403642.041,347.821,34711.052,4,2.271,0,1,108.9914,29.9974,3.0988,1.8034
1202,-427969.409,368.993,36829.551,4,2.27,0,1,108.9914,29.9974,3.0988,1.8034
1203,-464257.506,882.153,40521.708,4,2.27,0,1,99.0092,40.005,3.0988,1.651
1204,-493261.357,461.27,44147.79,4,2.27,0,1,110.0074,29.9974,3.5941,1.9939
1205,-537661.686,1376.58,48244.521,4,2.27,0,1,99.2124,44.9834,3.2004,1.8034
1206,-568682.871,558.918,52418.896,4,2.27,0,1,110.7948,29.9974,4.0005,2.1971
1207,-608997.551,1660.875,55991.155,4,2.269,0,1,99.9998,45.085,3.5941,1.905
1208,-650387.554,664.653,62232.711,4,2.269,0,1,111.8108,29.9974,4.4958,2.6035
1209,19395.183,-1687.383,-26460.902,3.5,1,0.0076,0,21.59,20.5994,1.7399,1.016
1210,57085.988,47859.313,-418091.367,3.5,1,0.0197,0,78.5876,38.3667,3.3401,1.9685
1211,58281.738,-154871.319,-925860.833,3.5,1,0.022,0,94.8944,42.1386,7.5946,4.191
1212,69621.509,-272009.255,-1430182.11,3.5,1,0.0226,0,106.6038,45.6946,10.8966,6.0452
1213,38859.993,-117336.7,-317940.312,3.5,1,0.0226,0,101.6,45.4914,4.3942,2.3114
1214,46442.726,-258412.298,-588248.053,3.5,1,0.0216,0,106.6038,45.6946,10.8966,6.0452
1215,54752.619,38455.236,-153517.773,3.5,1,0.0232,0,70.0786,35.6108,2.7432,1.6764
